id,date,age,gender,city,employment,marital_status,income,years_experience,education_years,credit_score,debt,savings,study_hours,sleep_hours,attendance_pct,screen_time_hours,exercise_days_per_week,projects_completed,social_media_hours,internet_usage,previous_score,lifestyle_score,loan_approved,annual_salary
51,2023-02-20,21,Female,Pokhara,Unemployed,Single,124276.0,0.0,13.1,681.0,38209.0,145160.0,1.9,6.9,67.6,5.6,2,3,0.1,Medium,46.0,42.69,Yes,250000.0
426,2024-03-01,26,Female,Butwal,Employed,Single,63947.0,3.0,11.9,833.0,21052.0,4641.0,5.1,6.4,86.5,3.1,7,3,2.9,Medium,67.2,66.78,No,250000.0
205,2023-07-24,56,Male,Bhaktapur,Unemployed,Married,185104.0,27.9,11.3,719.0,117285.0,49488.0,1.4,5.8,55.9,5.7,4,6,4.2,Medium,46.4,38.57,No,250000.0
86,2023-03-27,65,Male,Pokhara,Employed,Single,70835.0,45.0,14.4,663.0,2151.0,23118.0,6.4,5.7,93.1,6.1,5,3,3.6,High,85.5,64.58,Yes,250000.0
799,2025-03-09,58,Female,Biratnagar,Self-employed,Married,12455.0,40.3,12.7,763.0,548.0,7437.0,2.6,6.4,100.0,6.9,1,3,3.1,Medium,53.5,46.43,No,250000.0
909,2025-06-27,35,Male,Butwal,Self-employed,Single,57409.0,12.4,13.0,644.0,27687.0,66558.0,3.6,8.4,74.0,7.6,6,3,3.6,Medium,42.7,52.55,Yes,250000.0
493,2024-05-07,45,Male,Lalitpur,Student,Married,52969.0,19.5,15.5,535.0,15389.0,10412.0,1.7,7.2,93.3,6.6,0,5,1.6,Medium,65.6,43.98,No,250000.0
162,2023-06-11,49,Male,Kathmandu,Employed,Married,53453.0,22.0,11.3,565.0,0.0,19287.0,6.6,8.6,91.1,1.6,5,1,2.0,High,74.3,68.11,No,250000.0
309,2023-11-05,58,Female,Chitwan,Student,Married,94805.0,30.3,13.5,755.0,23838.0,95423.0,6.2,5.3,64.1,9.5,2,1,0.5,High,57.5,41.39,Yes,250000.0
677,2024-11-07,62,Male,Kathmandu,Student,Married,80771.0,42.7,,762.0,31668.0,68247.0,6.0,5.8,85.1,6.0,0,8,3.7,Low,56.4,46.32,Yes,250000.0
620,2024-09-11,41,Female,Chitwan,Employed,Married,35114.0,15.7,16.9,658.0,0.0,25083.0,3.4,5.7,41.2,5.0,4,6,3.7,High,65.4,39.51,No,250000.0
744,2025-01-13,20,Male,Chitwan,Student,Married,39212.0,0.0,13.3,665.0,11905.0,19682.0,4.7,8.4,100.0,5.6,3,4,1.9,High,72.8,59.73,Yes,250000.0
877,2025-05-26,51,Male,Chitwan,Student,Single,75903.0,25.9,16.6,749.0,23563.0,17427.0,13.0,6.1,88.5,8.6,2,1,3.7,Medium,71.0,65.68,No,250000.0
96,2023-04-06,64,Female,Biratnagar,Employed,Married,12427.0,44.0,13.3,850.0,,0.0,1.9,8.8,100.0,6.0,0,4,2.1,High,62.8,37.17,No,250000.0
910,2025-06-28,47,Female,Pokhara,Employed,Single,87350.0,26.5,12.3,618.0,30863.0,78037.0,5.3,5.8,73.5,5.9,4,5,4.2,Medium,66.9,45.85,No,250000.0
774,2025-02-12,18,Female,Lalitpur,Unemployed,Single,22976.0,0.0,15.3,,1270.0,11253.0,3.8,6.3,,7.0,7,2,2.5,Medium,52.1,50.36,No,250000.0
430,2024-03-05,46,Male,Biratnagar,Employed,Single,32085.0,21.1,,693.0,8264.0,33362.0,,6.3,84.6,6.9,5,3,5.9,,94.7,43.34,No,250000.0
211,2023-07-30,50,Female,Biratnagar,Employed,Single,72294.0,33.5,13.0,660.0,22117.0,94784.0,4.6,7.7,86.6,4.0,5,2,3.4,Medium,89.4,70.6,No,250000.0
236,2023-08-24,45,Male,Bhaktapur,Employed,Single,26308.0,19.2,16.0,626.0,9601.0,16438.0,4.6,7.7,87.0,7.8,3,2,3.8,High,61.0,57.61,No,250000.0
994,2025-09-20,53,Female,Biratnagar,Employed,Single,51462.0,20.6,16.0,758.0,26188.0,44916.0,2.6,6.8,82.4,2.1,6,5,0.0,High,62.5,62.18,No,250000.0
876,2025-05-25,49,Female,Lalitpur,Employed,Married,34043.0,25.8,15.1,740.0,11126.0,1147.0,5.0,6.7,94.8,5.8,1,1,1.1,High,42.3,47.8,No,250000.0
44,2023-02-13,54,Male,Lalitpur,Self-employed,Married,71105.0,27.2,14.2,682.0,22295.0,67679.0,3.2,6.8,87.3,5.7,0,2,2.2,High,86.3,48.15,No,250000.0
712,2024-12-12,65,Male,Kathmandu,Employed,Single,106053.0,37.2,14.7,645.0,15459.0,68479.0,9.2,4.8,81.4,6.7,4,3,6.2,Low,71.6,66.87,No,250000.0
995,2025-09-21,18,Female,Lalitpur,Employed,Single,78080.0,0.0,15.2,625.0,21101.0,75244.0,2.2,5.1,62.0,6.9,6,2,2.2,Medium,33.7,43.34,No,250000.0
274,2023-10-01,36,Male,Pokhara,Employed,Single,42163.0,13.0,11.8,719.0,25617.0,1742.0,6.0,9.0,,4.6,0,2,3.7,Medium,71.0,49.83,No,250000.0
688,2024-11-18,28,Female,Bhaktapur,Unemployed,Divorced,49437.0,4.2,15.0,468.0,23942.0,18659.0,11.0,6.6,91.4,3.6,3,4,0.6,High,68.4,70.67,No,250000.0
432,2024-03-07,43,Female,Lalitpur,Self-employed,Divorced,32443.0,23.9,16.3,695.0,18319.0,32193.0,2.2,7.3,94.8,5.6,3,1,4.3,Medium,88.0,53.02,No,250000.0
353,2023-12-19,65,Female,Lalitpur,Employed,Single,52694.0,45.0,16.4,582.0,22036.0,29247.0,6.0,8.1,98.0,4.9,0,4,3.1,Medium,82.7,57.69,Yes,250000.0
533,2024-06-16,69,Female,Pokhara,Employed,Single,113723.0,45.0,11.8,677.0,37784.0,114062.0,8.5,8.2,88.4,3.1,0,3,2.5,High,68.9,62.24,No,250000.0
314,2023-11-10,20,Male,Butwal,Student,Single,33540.0,0.0,18.3,717.0,11429.0,14824.0,6.5,6.8,81.9,1.9,3,2,5.9,Medium,68.3,63.34,No,250000.0
388,2024-01-23,52,Male,Lalitpur,Employed,Married,75689.0,32.0,18.0,656.0,17193.0,53976.0,8.4,9.1,57.1,4.8,3,8,1.4,Medium,91.2,62.94,No,250000.0
132,2023-05-12,50,Male,Pokhara,Employed,Single,50583.0,23.1,11.5,,15591.0,42512.0,6.9,9.2,98.6,6.7,1,2,1.5,Medium,85.2,63.75,Yes,250000.0
271,2023-09-28,36,Male,Chitwan,Student,Married,35744.0,15.2,17.0,680.0,14054.0,28671.0,,6.2,59.9,5.6,2,6,5.4,Low,67.0,30.56,No,250000.0
8,2023-01-08,56,Female,Pokhara,Employed,Married,29230.0,29.7,11.6,694.0,10404.0,1948.0,6.7,7.0,73.9,4.8,4,5,1.2,High,64.9,64.11,Yes,250000.0
725,2024-12-25,36,Female,Kathmandu,Employed,Single,51562.0,15.0,14.2,732.0,13046.0,26134.0,6.1,6.9,,4.7,3,1,4.5,High,72.2,61.09,Yes,250000.0
755,2025-01-24,49,Male,Pokhara,Self-employed,Single,33307.0,23.4,12.8,786.0,1830.0,4418.0,5.0,7.4,82.7,2.5,2,5,4.3,Medium,63.8,63.68,Yes,250000.0
347,2023-12-13,37,Male,Chitwan,Employed,Single,44403.0,13.0,11.5,606.0,15478.0,36186.0,3.2,4.7,50.7,6.9,7,4,3.8,High,77.8,39.53,Yes,250000.0
778,2025-02-16,40,Non-binary,Chitwan,Employed,Divorced,76526.0,13.5,8.9,681.0,46369.0,78320.0,5.0,5.9,74.7,7.0,5,4,3.3,High,52.9,56.92,No,250000.0
962,2025-08-19,68,Male,Kathmandu,Self-employed,Single,29318.0,41.3,12.1,692.0,10089.0,5476.0,0.9,6.5,63.9,8.6,1,4,4.4,High,58.8,31.69,No,250000.0
201,2023-07-20,69,Male,Bhaktapur,Student,Single,88135.0,44.1,8.0,686.0,30725.0,84504.0,5.4,7.2,100.0,3.8,6,2,5.0,Low,59.9,77.63,No,250000.0
817,2025-03-27,22,Female,Butwal,Employed,Married,33240.0,0.0,15.5,757.0,5841.0,20637.0,6.6,7.1,75.3,5.2,2,3,2.5,High,57.0,49.91,Yes,250000.0
272,2023-09-29,43,Male,Butwal,Employed,Single,100170.0,23.5,15.5,768.0,7752.0,79218.0,5.1,6.3,59.2,7.4,6,2,4.5,High,76.4,44.82,Yes,250000.0
598,2024-08-20,25,Female,Kathmandu,Employed,Married,38166.0,13.3,13.9,663.0,5766.0,13552.0,5.1,10.0,81.7,6.3,7,2,2.5,High,81.6,69.42,No,250000.0
759,2025-01-28,33,Male,Butwal,Employed,Single,112890.0,2.5,10.8,634.0,58414.0,28241.0,2.7,6.1,91.0,3.3,6,3,5.0,Medium,65.9,64.63,Yes,250000.0
745,2025-01-14,30,Female,Pokhara,Student,Single,59335.0,12.2,12.7,718.0,7909.0,18421.0,6.7,5.9,91.9,1.0,2,1,1.5,Medium,66.0,59.12,No,250000.0
699,2024-11-29,30,Female,Bhaktapur,Unemployed,Single,23038.0,1.3,14.9,661.0,6362.0,9338.0,6.8,7.0,83.4,3.1,3,2,2.4,Medium,64.8,66.5,Yes,250000.0
975,2025-09-01,29,Non-binary,Kathmandu,Employed,Married,22736.0,0.0,16.1,646.0,0.0,12537.0,9.2,8.1,,5.9,5,2,0.9,High,66.0,71.29,No,250000.0
262,2023-09-19,33,Male,Bhaktapur,Employed,Married,31540.0,4.6,17.4,541.0,3505.0,13935.0,6.8,6.6,85.1,6.4,7,2,2.1,Medium,71.4,67.05,No,250000.0
704,2024-12-04,44,Male,Kathmandu,Employed,Divorced,24438.0,18.6,14.8,842.0,10176.0,10431.0,5.1,5.0,76.9,6.5,3,3,2.8,Medium,55.1,54.6,No,250000.0
792,2025-03-02,53,Male,Butwal,Student,Married,49178.0,28.7,14.4,711.0,,12749.0,9.0,7.3,60.3,4.8,5,3,3.0,Low,83.1,66.11,No,250000.0
165,2023-06-14,69,Male,Butwal,Student,Married,30314.0,45.0,13.6,662.0,14668.0,4808.0,3.0,6.8,97.3,5.3,6,3,1.7,Medium,63.8,69.82,No,250000.0
930,2025-07-18,34,Male,Biratnagar,Employed,Married,88405.0,0.0,14.4,783.0,16992.0,40926.0,5.4,6.5,86.4,7.4,6,7,4.5,Medium,78.4,53.8,No,250000.0
345,2023-12-11,38,Male,Lalitpur,Self-employed,Single,64018.0,10.3,17.7,601.0,33755.0,47218.0,2.6,7.0,60.9,6.7,5,3,5.2,Medium,57.7,54.44,Yes,250000.0
668,2024-10-29,29,Female,Kathmandu,Employed,Single,75805.0,3.4,16.0,672.0,6238.0,48904.0,4.7,7.4,89.8,2.8,2,4,4.6,High,68.8,50.94,No,250000.0
380,2024-01-15,34,Female,Bhaktapur,Employed,Single,19722.0,12.8,10.6,593.0,4494.0,30021.0,6.3,9.7,83.2,7.0,7,6,1.2,Medium,36.6,74.12,No,250000.0
438,2024-03-13,24,Female,Butwal,Employed,Single,39515.0,5.1,14.3,724.0,2829.0,20952.0,2.6,8.5,85.3,10.2,7,3,0.7,Medium,68.2,61.5,No,250000.0
352,2023-12-18,50,Male,Chitwan,Employed,Divorced,40295.0,26.8,11.7,733.0,15167.0,39734.0,5.6,5.9,,6.4,6,1,1.4,Low,60.9,60.92,No,250000.0
197,2023-07-16,56,Female,Lalitpur,Employed,Married,28528.0,26.7,13.8,641.0,16602.0,18335.0,1.8,7.9,92.8,6.1,5,4,1.0,Medium,65.6,64.34,Yes,250000.0
601,2024-08-23,27,Male,Biratnagar,Employed,Divorced,131595.0,8.6,14.8,745.0,27350.0,141719.0,13.4,6.9,74.0,5.7,0,2,4.5,Medium,73.3,66.63,No,250000.0
189,2023-07-08,45,Female,Butwal,Self-employed,Single,171242.0,16.5,15.9,726.0,82068.0,192552.0,2.5,7.1,74.9,6.8,1,4,2.6,Medium,63.2,42.73,Yes,250000.0
483,2024-04-27,57,Female,Chitwan,Employed,Married,41172.0,34.7,19.0,639.0,21209.0,36258.0,5.1,6.8,100.0,6.0,3,3,6.1,Medium,29.9,54.41,No,250000.0
135,2023-05-15,41,Female,Lalitpur,Employed,Married,27802.0,21.5,13.9,744.0,14177.0,29360.0,7.1,8.2,82.0,6.0,7,2,4.0,Medium,98.1,65.49,Yes,250000.0
104,2023-04-14,32,Female,Chitwan,Employed,Single,80365.0,8.5,12.1,695.0,23704.0,63539.0,3.4,7.3,98.7,7.6,3,5,4.4,Medium,57.9,63.69,Yes,250000.0
988,2025-09-14,64,Male,Bhaktapur,Employed,Divorced,44027.0,33.8,12.3,575.0,10462.0,24465.0,5.3,5.5,92.4,5.9,1,6,4.0,High,48.3,57.08,Yes,250000.0
992,2025-09-18,34,Male,Lalitpur,Employed,Married,71906.0,13.4,8.7,625.0,187.0,57750.0,5.2,8.6,91.8,8.5,6,1,2.5,Medium,75.6,69.45,No,250000.0
907,2025-06-25,67,Female,Pokhara,Student,Divorced,67320.0,40.5,12.4,690.0,26405.0,66316.0,6.6,7.0,79.5,6.1,5,2,2.4,Low,84.4,66.62,No,250000.0
548,2024-07-01,22,Male,Kathmandu,Employed,Single,220000.0,2.0,13.2,590.0,67954.0,119331.0,5.7,8.2,100.0,3.4,7,1,0.8,High,72.9,80.11,No,250000.0
173,2023-06-22,32,Male,Pokhara,Self-employed,Married,,3.1,13.7,703.0,34683.0,0.0,8.1,7.8,85.9,4.8,5,3,5.3,Medium,57.9,69.54,No,250000.0
299,2023-10-26,69,Male,Kathmandu,Employed,Married,37992.0,45.0,,761.0,26099.0,3853.0,5.9,8.3,,1.9,2,1,3.0,High,69.6,70.07,No,250000.0
537,2024-06-20,43,Male,Biratnagar,Employed,Divorced,165566.0,15.1,12.0,746.0,98212.0,59319.0,6.6,6.4,79.6,5.0,7,4,3.0,Medium,69.8,66.71,Yes,250000.0
240,2023-08-28,50,Male,Biratnagar,Employed,Divorced,21503.0,25.4,15.6,700.0,,18627.0,12.0,9.3,90.7,3.5,3,3,3.8,Medium,88.4,83.23,No,250000.0
253,2023-09-10,55,Female,Biratnagar,Employed,Single,94384.0,29.1,11.9,688.0,3998.0,69152.0,17.9,5.6,94.4,5.1,5,2,4.0,Medium,57.3,89.23,No,250000.0
458,2024-04-02,42,Male,Chitwan,Employed,Married,85449.0,10.6,18.5,,50003.0,35537.0,2.2,8.0,77.4,4.7,1,0,3.9,Medium,73.0,47.97,Yes,250000.0
937,2025-07-25,19,Female,Kathmandu,Employed,Married,24891.0,0.0,14.3,697.0,15401.0,25720.0,3.9,5.5,82.0,3.3,5,1,2.5,Medium,64.2,65.37,No,250000.0
974,2025-08-31,58,Female,Chitwan,Employed,Single,18067.0,28.8,,642.0,8315.0,14490.0,4.0,7.5,51.8,7.7,7,3,2.8,Medium,81.2,60.61,Yes,250000.0
379,2024-01-14,66,Male,Kathmandu,Employed,Married,47454.0,43.1,16.0,731.0,21427.0,16719.0,5.5,7.9,67.8,7.1,5,6,1.1,Medium,77.9,58.56,Yes,250000.0
321,2023-11-17,66,Male,Bhaktapur,Employed,Divorced,94910.0,44.0,15.9,578.0,25836.0,102849.0,5.5,6.1,69.4,4.2,0,7,0.2,Low,49.8,37.45,Yes,250000.0
830,2025-04-09,64,Female,Chitwan,Unemployed,Single,51925.0,43.1,13.3,,37650.0,10235.0,10.6,6.6,80.3,2.2,3,2,3.8,High,100.0,71.63,Yes,250000.0
146,2023-05-26,64,Male,Biratnagar,Employed,Single,21314.0,40.8,15.3,636.0,19234.0,13662.0,9.4,7.5,77.7,3.6,0,3,2.6,Medium,65.4,51.72,No,250000.0
773,2025-02-11,48,Female,Kathmandu,Self-employed,Single,20414.0,31.9,12.6,674.0,3220.0,6770.0,2.2,5.5,92.4,6.3,7,4,3.8,Medium,72.1,56.24,No,250000.0
400,2024-02-04,38,Male,Butwal,Self-employed,Single,76925.0,15.9,13.3,684.0,19388.0,51858.0,3.7,6.1,100.0,5.8,7,4,3.2,High,57.9,60.89,No,250000.0
389,2024-01-24,58,Female,Pokhara,Employed,Divorced,,30.1,,751.0,20636.0,30252.0,2.3,8.0,68.6,6.5,2,1,2.1,High,69.3,41.71,Yes,250000.0
319,2023-11-15,69,Male,Biratnagar,Employed,Married,40473.0,44.0,13.5,670.0,28189.0,59571.0,5.2,6.0,99.5,6.2,0,1,3.7,Medium,85.2,56.02,No,250000.0
656,2024-10-17,26,Female,Pokhara,Self-employed,Single,24417.0,1.4,16.4,717.0,16494.0,19868.0,4.3,7.9,58.6,1.0,2,0,5.9,High,100.0,54.73,Yes,250000.0
997,2025-09-23,66,Male,Chitwan,Self-employed,Single,23346.0,42.4,13.4,651.0,15849.0,10191.0,5.8,7.4,96.1,8.1,4,2,4.9,High,55.2,58.26,No,250000.0
862,2025-05-11,36,Male,Bhaktapur,Unemployed,Married,19936.0,14.0,14.2,620.0,4457.0,22324.0,15.5,7.4,74.1,4.8,1,5,4.4,High,53.1,88.49,No,250000.0
592,2024-08-14,68,Male,Bhaktapur,Self-employed,Single,18398.0,41.1,11.6,635.0,0.0,13325.0,4.3,6.8,100.0,5.9,0,1,2.2,Medium,68.7,59.51,No,250000.0
664,2024-10-25,33,Non-binary,Pokhara,Student,Single,41691.0,5.0,15.6,657.0,23699.0,22750.0,10.7,6.3,58.5,4.1,7,2,1.5,Medium,81.4,72.24,No,250000.0
952,2025-08-09,57,Male,Chitwan,Employed,Married,36704.0,33.0,11.9,652.0,10298.0,29792.0,10.9,7.6,85.3,6.2,3,6,3.6,High,65.6,73.21,Yes,250000.0
418,2024-02-22,19,Male,Kathmandu,Self-employed,Single,26682.0,0.0,14.3,697.0,1462.0,22471.0,5.0,6.4,100.0,5.8,6,4,1.3,High,82.1,68.19,No,250000.0
292,2023-10-19,47,Female,Pokhara,Self-employed,Married,37103.0,14.3,16.3,732.0,19349.0,13822.0,7.2,7.8,67.9,3.3,1,4,1.4,Medium,97.5,53.74,No,250000.0
929,2025-07-17,27,Female,Lalitpur,Employed,Married,69605.0,0.0,14.7,755.0,24466.0,67927.0,3.1,6.9,91.6,5.3,0,1,3.9,Medium,41.4,48.77,Yes,250000.0
867,2025-05-16,63,Female,Kathmandu,Employed,Married,30467.0,39.2,,727.0,5574.0,27827.0,12.0,6.3,82.0,1.1,4,2,3.7,Medium,46.9,84.16,No,250000.0
250,2023-09-07,21,Female,Lalitpur,Employed,Married,63383.0,0.0,14.9,598.0,35488.0,55662.0,1.4,6.2,87.7,9.9,0,3,1.6,Medium,64.5,43.69,No,250000.0
925,2025-07-13,46,Male,Kathmandu,Self-employed,Married,42038.0,13.2,16.1,,4877.0,41211.0,3.5,5.8,89.7,4.2,6,4,1.8,Medium,83.8,64.34,No,250000.0
543,2024-06-26,50,Female,Pokhara,Employed,Single,33017.0,25.2,15.1,744.0,10515.0,17409.0,8.0,6.9,100.0,4.8,5,4,6.0,High,48.9,76.71,Yes,250000.0
457,2024-04-01,68,Male,Pokhara,Employed,Single,47256.0,41.4,13.5,721.0,1960.0,25973.0,8.4,6.4,72.5,5.6,6,1,2.1,High,70.7,65.21,No,250000.0
6,2023-01-06,25,Male,Biratnagar,Student,Married,51704.0,9.4,13.5,662.0,17824.0,23197.0,10.5,6.3,99.3,6.0,1,6,3.9,Medium,84.6,72.63,No,250000.0
903,2025-06-21,56,Male,Pokhara,Student,Married,44750.0,29.7,13.2,769.0,4095.0,34991.0,7.6,6.4,83.9,4.1,0,0,0.6,Medium,78.0,45.72,Yes,250000.0
604,2024-08-26,68,Male,Lalitpur,Student,Single,23970.0,45.0,13.9,657.0,13773.0,1307.0,7.8,7.9,91.0,1.7,6,3,1.3,Low,67.4,81.14,Yes,250000.0
852,2025-05-01,22,Male,Bhaktapur,Employed,Married,48657.0,1.0,14.4,627.0,1279.0,0.0,,7.2,83.1,4.0,6,3,4.1,High,44.9,84.98,No,250000.0
42,2023-02-11,69,Male,Biratnagar,Employed,Single,43193.0,44.1,13.5,736.0,8052.0,8973.0,,7.1,68.1,3.7,4,3,1.7,Medium,62.2,44.7,Yes,250000.0
805,2025-03-15,70,Non-binary,Kathmandu,Employed,Married,70385.0,45.0,14.2,,31550.0,62305.0,2.6,7.9,68.4,1.9,0,4,0.1,High,75.6,42.79,Yes,250000.0
449,2024-03-24,40,Male,Biratnagar,Employed,Married,136713.0,18.8,15.1,717.0,44423.0,42416.0,3.3,5.4,66.0,7.5,0,7,0.7,High,83.9,36.08,Yes,250000.0
183,2023-07-02,19,Female,Bhaktapur,Student,Single,20453.0,0.0,14.1,672.0,14201.0,22364.0,2.2,7.5,90.6,4.3,4,0,2.5,High,79.6,54.78,No,250000.0
484,2024-04-28,69,Male,Butwal,Employed,Married,21520.0,45.0,16.0,732.0,22171.0,3727.0,5.8,6.0,74.8,2.3,4,1,1.7,High,62.7,63.0,Yes,250000.0
157,2023-06-06,32,Male,Chitwan,Employed,Single,71447.0,10.0,15.0,665.0,1124.0,22311.0,9.0,7.3,84.2,3.8,7,1,1.0,High,90.0,75.01,Yes,250000.0
349,2023-12-15,24,Male,Chitwan,Employed,Married,18610.0,5.2,14.7,648.0,6852.0,4934.0,6.3,6.9,90.8,3.0,7,3,3.0,Medium,64.8,71.49,Yes,250000.0
617,2024-09-08,27,Female,Kathmandu,Employed,Single,107540.0,3.6,14.5,789.0,36758.0,12806.0,5.0,7.3,76.4,7.3,4,2,4.1,Medium,63.7,49.35,Yes,250000.0
354,2023-12-20,29,Male,Lalitpur,Employed,Single,14293.0,13.3,16.3,560.0,0.0,7965.0,4.5,7.1,85.0,4.4,6,2,1.8,Medium,48.3,64.03,No,250000.0
822,2025-04-01,47,Non-binary,Bhaktapur,Student,Married,127464.0,14.4,12.3,681.0,60016.0,41113.0,8.7,6.6,76.8,4.6,0,4,3.1,Medium,57.1,54.87,No,250000.0
869,2025-05-18,68,Female,Lalitpur,Self-employed,Single,60846.0,39.2,13.1,668.0,27216.0,18388.0,1.5,7.7,91.4,7.4,3,3,2.1,Medium,49.0,48.89,Yes,250000.0
115,2023-04-25,28,Female,Lalitpur,Unemployed,Married,13092.0,2.7,17.9,694.0,0.0,376.0,1.6,6.7,69.1,4.0,1,2,3.2,Medium,83.7,32.97,Yes,250000.0
678,2024-11-08,70,Female,Butwal,Self-employed,Single,,41.6,12.6,712.0,103901.0,118728.0,5.6,5.6,64.8,7.8,6,4,4.5,Medium,89.5,47.98,Yes,250000.0
230,2023-08-18,54,Female,Chitwan,Employed,Married,78672.0,33.9,15.1,642.0,,57284.0,9.8,7.4,89.7,4.5,7,6,4.6,High,89.1,84.8,Yes,250000.0
336,2023-12-02,19,Male,Kathmandu,Employed,Single,96582.0,0.0,13.5,694.0,22490.0,104059.0,6.4,4.8,69.3,3.2,5,4,0.0,High,87.5,48.9,No,250000.0
36,2023-02-05,45,Male,Kathmandu,Employed,Married,40440.0,26.5,14.2,639.0,9513.0,36076.0,4.8,7.3,86.3,7.0,2,2,4.4,High,72.6,53.61,No,250000.0
853,2025-05-02,55,Female,Butwal,Employed,Married,36637.0,31.7,12.0,660.0,19874.0,37907.0,6.2,9.3,99.6,5.4,6,8,6.4,High,59.3,83.1,No,250000.0
19,2023-01-19,39,Female,Butwal,Self-employed,Married,37125.0,10.8,9.8,650.0,,16568.0,4.6,8.0,87.7,3.5,4,3,4.0,Medium,38.2,72.39,Yes,250000.0
702,2024-12-02,26,Male,Butwal,Employed,Single,42703.0,1.1,12.2,727.0,22887.0,24961.0,8.2,7.5,76.0,7.2,7,2,4.7,Medium,69.6,68.5,No,250000.0
950,2025-08-07,25,Male,Kathmandu,Employed,Single,43711.0,0.0,13.7,604.0,10312.0,8781.0,5.5,6.3,93.8,5.1,4,3,3.1,Medium,74.4,62.33,Yes,250000.0
49,2023-02-18,56,Male,Biratnagar,Self-employed,Single,64006.0,31.0,9.8,615.0,0.0,22279.0,3.5,6.3,100.0,2.5,1,5,2.6,Low,50.9,54.82,No,250000.0
836,2025-04-15,39,Female,Chitwan,Employed,Single,48076.0,13.1,12.1,631.0,10083.0,8866.0,3.4,6.2,71.6,4.0,2,2,1.7,Low,91.4,46.11,No,250000.0
445,2024-03-20,33,Female,Pokhara,Employed,Single,68048.0,9.2,15.1,612.0,16871.0,35949.0,3.7,5.6,74.1,3.8,4,5,0.2,Medium,66.4,50.06,No,250000.0
168,2023-06-17,47,Female,Bhaktapur,Employed,Divorced,31386.0,25.4,17.6,602.0,0.0,27515.0,7.3,5.1,86.1,9.0,0,2,4.1,Medium,71.4,52.34,No,250000.0
148,2023-05-28,20,Female,Butwal,Self-employed,Married,30782.0,2.5,15.3,685.0,8280.0,8318.0,4.5,7.6,85.1,7.5,3,6,3.1,Low,89.4,51.8,No,250000.0
945,2025-08-02,40,Female,Biratnagar,Student,Married,49520.0,12.7,17.1,553.0,28089.0,20350.0,4.4,5.7,76.4,5.6,5,5,1.6,High,56.9,53.62,No,250000.0
615,2024-09-06,38,Female,Chitwan,Employed,Married,82170.0,12.0,14.5,744.0,33495.0,37998.0,10.1,7.8,85.4,4.8,5,1,6.5,Medium,77.1,78.35,Yes,250000.0
578,2024-07-31,29,Female,Biratnagar,Student,Single,90764.0,0.0,11.7,639.0,36414.0,60689.0,8.6,8.0,94.3,1.0,0,0,5.5,High,77.7,70.35,No,250000.0
261,2023-09-18,65,Male,Bhaktapur,Employed,Divorced,35636.0,38.6,17.7,740.0,16894.0,28881.0,1.3,6.7,100.0,6.8,5,1,2.3,High,96.3,59.79,Yes,250000.0
771,2025-02-09,31,Female,Kathmandu,Employed,Married,18345.0,4.8,10.4,682.0,18909.0,14523.0,10.0,8.7,66.8,5.5,2,4,4.1,Medium,66.6,59.56,Yes,250000.0
103,2023-04-13,46,Female,Bhaktapur,Employed,Single,44686.0,23.0,17.8,604.0,7090.0,24833.0,10.4,8.6,93.7,3.7,6,1,4.4,Low,70.6,90.51,Yes,250000.0
53,2023-02-22,31,Male,Lalitpur,Employed,Married,40015.0,2.3,15.2,577.0,9325.0,0.0,8.5,4.9,87.7,8.6,1,2,3.2,High,49.9,50.29,Yes,250000.0
139,2023-05-19,57,Male,Bhaktapur,Student,Married,31867.0,40.0,10.0,598.0,16404.0,20964.0,7.9,9.4,93.9,7.0,0,1,4.5,Medium,61.4,59.35,Yes,250000.0
5,2023-01-05,60,Male,Pokhara,Student,Single,119829.0,32.6,16.1,673.0,59533.0,51914.0,7.3,6.5,99.8,9.1,3,5,5.6,Low,29.7,56.0,Yes,250000.0
932,2025-07-20,41,Female,Biratnagar,Student,Divorced,47392.0,13.4,12.0,716.0,13518.0,30166.0,4.4,4.9,100.0,7.3,2,2,1.8,Low,47.1,52.73,No,250000.0
464,2024-04-08,23,Female,Butwal,Unemployed,Married,37026.0,4.8,13.7,726.0,33283.0,14152.0,6.9,9.1,87.7,3.2,0,5,0.5,High,72.7,60.56,No,250000.0
697,2024-11-27,24,Male,Lalitpur,Student,Single,48317.0,0.0,15.7,,18048.0,37292.0,9.9,8.1,55.8,3.9,3,3,1.6,Low,52.5,53.6,No,250000.0
857,2025-05-06,54,Male,Butwal,Employed,Married,21865.0,35.7,15.4,787.0,7349.0,14454.0,3.1,6.0,68.0,8.3,6,4,3.0,Low,57.0,38.6,Yes,250000.0
642,2024-10-03,34,Male,Biratnagar,Employed,Single,23017.0,11.2,10.7,517.0,1774.0,26106.0,7.8,6.2,75.5,7.7,3,5,2.5,Medium,82.2,50.8,No,250000.0
227,2023-08-15,19,Male,Pokhara,Self-employed,Married,37545.0,3.1,16.1,816.0,25383.0,4279.0,0.9,7.9,80.5,5.7,7,4,2.7,High,80.4,45.09,No,250000.0
654,2024-10-15,36,Male,Chitwan,Unemployed,Married,75608.0,6.4,12.3,661.0,22013.0,1971.0,6.3,5.4,63.2,6.6,0,1,2.2,Medium,87.6,35.22,No,250000.0
936,2025-07-24,70,Female,Kathmandu,Employed,Married,12899.0,45.0,13.6,801.0,10061.0,6396.0,5.6,5.4,69.2,6.0,6,2,2.3,Low,71.3,59.71,No,250000.0
501,2024-05-15,70,Female,Lalitpur,Employed,Married,75458.0,45.0,13.7,766.0,25470.0,20306.0,1.7,5.9,90.6,1.0,2,4,4.1,High,61.3,51.05,No,250000.0
268,2023-09-25,20,Female,Pokhara,Self-employed,Single,39966.0,1.3,15.6,545.0,4671.0,30897.0,3.0,8.0,74.3,5.7,1,2,3.5,High,76.4,45.38,No,250000.0
304,2023-10-31,29,Non-binary,Pokhara,Student,Single,46122.0,5.1,14.3,758.0,11880.0,13782.0,4.0,5.0,87.4,1.9,3,6,5.2,,40.0,50.53,No,250000.0
606,2024-08-28,24,Male,Pokhara,Self-employed,Married,47942.0,0.0,14.3,707.0,13080.0,44017.0,7.8,7.7,100.0,5.5,1,2,3.6,High,69.3,69.42,No,250000.0
267,2023-09-24,46,Male,Chitwan,Student,Married,,34.3,12.4,704.0,26468.0,182931.0,10.5,8.2,73.1,8.2,2,2,4.7,Medium,76.2,62.63,Yes,250000.0
58,2023-02-27,19,Female,Kathmandu,Employed,Single,17814.0,0.0,13.0,727.0,2660.0,0.0,4.8,6.7,100.0,7.0,3,2,2.3,High,54.6,56.46,No,250000.0
569,2024-07-22,41,Male,Chitwan,Employed,Married,27609.0,11.5,15.1,643.0,4795.0,28784.0,6.0,6.4,64.4,4.6,0,2,4.0,Low,93.4,44.92,No,250000.0
880,2025-05-29,25,Female,Biratnagar,Employed,Married,65178.0,2.2,12.8,591.0,18203.0,9919.0,2.0,5.7,82.1,6.9,1,3,2.5,Medium,81.8,35.93,No,250000.0
337,2023-12-03,52,Male,Bhaktapur,Student,Single,88522.0,28.2,12.6,,24681.0,84467.0,6.1,8.0,90.6,6.0,0,2,0.4,High,88.7,61.12,Yes,250000.0
56,2023-02-25,43,Female,Pokhara,Employed,Single,45268.0,15.5,10.6,633.0,6891.0,10178.0,12.6,7.4,93.5,9.1,4,2,4.5,High,65.4,80.42,No,250000.0
470,2024-04-14,70,Female,Bhaktapur,Employed,Single,,45.0,13.8,599.0,21321.0,48960.0,9.0,5.2,74.9,8.3,6,5,4.0,Medium,50.8,61.22,No,250000.0
29,2023-01-29,29,Female,Pokhara,Employed,Married,19472.0,8.1,14.6,782.0,6226.0,17202.0,4.9,8.0,71.5,4.7,0,6,3.5,Medium,56.9,41.74,Yes,250000.0
931,2025-07-19,37,Female,Biratnagar,Employed,Single,42056.0,13.2,,616.0,10050.0,39308.0,10.9,7.8,87.4,2.6,7,4,2.8,Medium,97.8,90.74,No,250000.0
864,2025-05-13,38,Female,Pokhara,Employed,Married,95826.0,10.4,10.1,661.0,48294.0,96268.0,2.5,8.0,83.2,4.5,6,1,4.4,Medium,74.4,56.58,No,250000.0
809,2025-03-19,65,Female,Lalitpur,Self-employed,Married,22775.0,39.9,14.7,585.0,4337.0,0.0,3.3,7.8,100.0,5.0,7,4,3.2,Medium,89.5,67.38,Yes,250000.0
247,2023-09-04,49,Female,Chitwan,Unemployed,Married,25335.0,28.1,13.2,454.0,2835.0,19955.0,4.7,6.0,96.1,4.6,2,3,4.6,Low,71.2,58.61,No,250000.0
409,2024-02-13,20,Female,Chitwan,Employed,Divorced,60717.0,0.0,11.5,703.0,24432.0,26533.0,4.1,7.4,80.5,7.5,3,1,4.9,Medium,68.9,55.75,No,250000.0
806,2025-03-16,37,Male,Lalitpur,Employed,Single,,8.7,18.5,776.0,11147.0,3450.0,4.9,6.7,91.7,4.8,3,2,1.5,Medium,70.2,57.25,No,250000.0
172,2023-06-21,62,Male,Chitwan,Employed,Single,18367.0,32.2,13.2,696.0,4015.0,0.0,6.7,7.5,83.8,2.5,4,1,0.8,Low,59.2,65.97,No,250000.0
55,2023-02-24,26,Male,Biratnagar,Employed,Single,68511.0,3.0,15.1,477.0,8917.0,79263.0,8.4,7.5,64.5,7.2,5,2,0.0,High,37.1,63.62,Yes,250000.0
118,2023-04-28,25,Female,Bhaktapur,Employed,Single,26928.0,6.8,15.5,759.0,12602.0,5697.0,6.7,5.2,83.6,6.7,3,3,2.3,Medium,73.5,54.71,No,250000.0
73,2023-03-14,19,Male,Biratnagar,Student,Married,64983.0,0.0,9.9,629.0,40245.0,55519.0,3.5,7.1,73.7,4.0,0,5,0.8,Low,75.8,33.76,No,250000.0
273,2023-09-30,20,Female,Chitwan,Self-employed,Married,55204.0,0.1,14.6,577.0,28965.0,60635.0,6.5,8.7,54.7,4.0,1,4,4.8,Medium,38.7,47.66,No,250000.0
748,2025-01-17,42,Male,Bhaktapur,Employed,Married,15894.0,17.0,13.5,645.0,,3857.0,10.9,6.7,97.3,5.8,5,1,4.3,Medium,58.5,85.76,Yes,250000.0
210,2023-07-29,54,Male,Lalitpur,Employed,Single,77071.0,35.7,15.0,716.0,10203.0,17285.0,2.6,5.7,82.5,6.9,6,5,4.8,Medium,81.8,45.22,No,250000.0
891,2025-06-09,47,Female,Biratnagar,Employed,Single,95570.0,24.4,16.2,731.0,18633.0,46103.0,5.2,6.1,91.7,4.6,6,2,3.0,Medium,43.9,78.3,No,250000.0
32,2023-02-01,42,Male,Bhaktapur,Employed,Single,71416.0,22.6,14.6,596.0,14295.0,24975.0,1.1,9.3,93.1,3.9,4,7,4.4,Medium,67.9,54.25,Yes,250000.0
549,2024-07-02,53,Female,Biratnagar,Employed,Single,40857.0,29.7,16.6,608.0,32123.0,13165.0,,9.2,100.0,3.3,5,3,5.9,High,68.1,70.0,No,250000.0
373,2024-01-08,50,Female,Kathmandu,Student,Single,63221.0,32.0,,623.0,14644.0,23960.0,2.2,6.6,82.9,5.3,7,4,2.9,Medium,89.9,55.09,No,250000.0
37,2023-02-06,33,Male,Biratnagar,Self-employed,Married,40174.0,7.1,11.5,824.0,19882.0,35705.0,9.1,7.2,67.3,4.8,5,3,0.0,High,75.3,61.62,Yes,250000.0
163,2023-06-12,56,Female,Chitwan,Employed,Single,23332.0,39.2,14.9,802.0,8740.0,5269.0,1.8,7.4,100.0,4.0,7,3,3.5,High,85.1,59.94,No,250000.0
222,2023-08-10,66,Male,Kathmandu,Employed,Single,,39.5,15.7,608.0,14794.0,71604.0,3.9,8.4,87.5,7.3,6,1,0.5,High,81.2,56.19,No,250000.0
854,2025-05-03,20,Male,Lalitpur,Employed,Married,63727.0,0.0,15.1,560.0,28314.0,28245.0,5.7,6.4,100.0,4.1,0,4,4.5,High,78.2,52.09,No,250000.0
329,2023-11-25,42,Female,Lalitpur,Student,Single,78811.0,12.8,12.1,837.0,49394.0,11477.0,9.8,7.6,58.5,9.8,7,4,2.9,Low,65.3,57.36,Yes,250000.0
905,2025-06-23,51,Female,Chitwan,Student,Single,30841.0,27.8,10.9,745.0,7616.0,11490.0,3.3,5.3,92.4,4.1,6,0,1.5,Medium,67.6,65.02,No,250000.0
462,2024-04-06,69,Female,Pokhara,Employed,Married,61835.0,45.0,12.2,493.0,29581.0,19008.0,2.1,6.1,72.9,5.2,2,4,2.2,Medium,78.1,42.87,No,250000.0
784,2025-02-22,25,Female,Chitwan,Self-employed,Married,67343.0,0.0,13.7,752.0,31685.0,59921.0,5.1,6.6,,6.6,1,4,3.7,High,68.0,50.67,No,250000.0
599,2024-08-21,46,Male,Chitwan,Unemployed,Married,15664.0,16.2,12.8,,8689.0,14527.0,13.0,6.7,83.1,5.8,1,6,5.8,High,50.1,74.44,No,250000.0
703,2024-12-03,67,Male,Biratnagar,Student,Single,55778.0,45.0,14.3,733.0,24069.0,18578.0,0.9,5.6,61.5,2.6,7,3,0.0,Medium,78.4,54.92,No,250000.0
101,2023-04-11,62,Male,Bhaktapur,Employed,Married,27705.0,36.0,13.4,715.0,3640.0,31253.0,2.7,5.4,81.0,7.3,7,4,5.6,High,52.3,53.56,No,250000.0
185,2023-07-04,62,Male,Chitwan,Employed,Single,53163.0,33.3,,676.0,11061.0,40782.0,7.1,7.9,93.5,1.8,3,2,1.0,High,44.9,64.75,No,250000.0
912,2025-06-30,44,Female,Pokhara,Employed,Divorced,79126.0,20.0,13.5,579.0,10609.0,81103.0,0.8,8.5,94.6,3.7,7,3,3.6,Medium,87.7,59.62,No,250000.0
694,2024-11-24,61,Male,Butwal,Employed,Single,122498.0,36.6,11.5,801.0,31476.0,18400.0,4.2,8.0,80.7,6.9,4,6,3.6,High,73.1,57.69,Yes,250000.0
204,2023-07-23,20,Male,Pokhara,Employed,Divorced,31927.0,0.0,10.4,664.0,3286.0,23272.0,3.1,8.0,95.5,3.4,6,1,3.4,Medium,45.0,71.78,No,250000.0
814,2025-03-24,23,Male,Chitwan,Student,Married,23378.0,5.5,14.0,699.0,5742.0,11368.0,8.5,6.0,98.9,5.4,4,3,2.7,Medium,77.1,72.37,No,250000.0
701,2024-12-01,59,Male,Butwal,Student,Married,20864.0,30.5,15.0,683.0,3247.0,8520.0,18.0,7.5,84.8,7.1,1,4,2.6,Low,63.1,84.72,No,250000.0
690,2024-11-20,64,Male,Kathmandu,Employed,Single,33564.0,45.0,13.6,690.0,11462.0,23001.0,6.7,5.9,62.8,8.3,3,2,3.3,Low,70.3,34.98,Yes,250000.0
685,2024-11-15,40,Male,Kathmandu,Student,Married,220000.0,17.6,13.3,719.0,119464.0,26701.0,5.2,6.6,,7.4,0,3,1.2,Low,35.9,55.89,No,250000.0
940,2025-07-28,60,Female,Butwal,Employed,Married,49913.0,23.6,15.3,589.0,7075.0,24421.0,18.0,8.9,79.6,5.6,0,4,2.4,Medium,50.0,82.15,Yes,250000.0
186,2023-07-05,70,Female,Kathmandu,Employed,Married,85476.0,45.0,11.8,705.0,3588.0,25833.0,4.1,7.8,70.0,1.3,6,3,2.8,Medium,51.9,61.01,Yes,250000.0
523,2024-06-06,54,Male,Butwal,Employed,Married,48769.0,30.9,12.4,743.0,14327.0,13395.0,4.9,7.9,66.9,7.4,3,2,3.5,Medium,87.7,48.65,No,250000.0
798,2025-03-08,54,Male,Biratnagar,Employed,Single,16521.0,31.4,10.8,687.0,11624.0,215.0,1.1,8.1,86.1,5.9,5,1,2.3,Medium,60.9,51.47,No,250000.0
396,2024-01-31,48,Male,Lalitpur,Employed,Married,44240.0,16.4,17.5,561.0,3197.0,28066.0,5.5,7.4,66.6,7.9,1,2,4.8,Low,94.9,47.61,Yes,250000.0
79,2023-03-20,43,Male,Chitwan,Employed,Married,35280.0,20.4,8.5,745.0,0.0,29785.0,5.4,7.8,84.9,5.8,0,4,3.2,Medium,84.0,48.26,No,250000.0
518,2024-06-01,20,Male,Kathmandu,Student,Single,73027.0,0.0,13.5,709.0,20008.0,71238.0,10.0,7.4,78.5,7.5,4,2,4.1,Medium,73.7,61.38,Yes,250000.0
448,2024-03-23,68,Female,Pokhara,Student,Married,43983.0,45.0,13.1,751.0,29338.0,67.0,5.5,6.9,83.4,5.9,0,5,3.4,Medium,76.1,55.14,No,250000.0
339,2023-12-05,58,Male,Biratnagar,Student,Single,12000.0,35.2,17.1,718.0,0.0,472.0,2.8,8.5,61.3,4.6,0,4,0.9,High,80.7,47.24,No,250000.0
196,2023-07-15,42,Female,Butwal,Employed,Married,39838.0,16.5,,673.0,6999.0,42100.0,3.6,7.1,,5.3,2,6,0.5,Medium,89.5,53.25,No,250000.0
80,2023-03-21,61,Female,Kathmandu,Employed,Divorced,57914.0,39.1,12.6,574.0,,36783.0,5.1,8.2,82.7,5.8,6,2,4.8,Medium,71.7,61.09,No,250000.0
178,2023-06-27,49,Female,Lalitpur,Employed,Single,18543.0,25.2,13.1,804.0,0.0,3255.0,8.0,5.9,68.9,7.1,4,2,2.9,High,55.7,47.36,No,250000.0
374,2024-01-09,22,Female,Butwal,Student,Married,34111.0,0.0,15.0,758.0,5895.0,14290.0,5.7,5.2,95.8,4.9,0,2,1.1,Low,60.2,51.86,Yes,250000.0
730,2024-12-30,43,Female,Butwal,Employed,Married,58517.0,12.1,13.1,637.0,27904.0,42868.0,7.4,6.7,64.1,4.0,2,5,3.5,High,72.2,50.66,Yes,250000.0
739,2025-01-08,45,Male,Bhaktapur,Employed,Single,79243.0,20.9,15.2,674.0,28925.0,77166.0,3.9,3.5,100.0,4.7,3,4,3.7,Medium,63.2,52.09,No,250000.0
317,2023-11-13,50,Female,Pokhara,Student,Single,54779.0,30.5,14.5,596.0,33374.0,13992.0,5.1,7.3,70.5,6.4,0,3,5.2,Medium,67.6,43.62,Yes,250000.0
526,2024-06-09,31,Female,Biratnagar,Employed,Single,,15.4,9.4,737.0,28951.0,18931.0,3.6,8.8,63.2,2.9,5,2,3.6,High,47.6,48.97,No,250000.0
622,2024-09-13,66,Female,Pokhara,Employed,Single,34603.0,41.8,14.4,636.0,20712.0,8543.0,10.6,8.2,100.0,5.0,1,3,4.9,High,75.7,71.65,Yes,250000.0
390,2024-01-25,54,Female,Lalitpur,Employed,Married,65538.0,31.3,13.5,694.0,27763.0,29379.0,3.0,8.0,85.7,5.6,1,4,0.9,Medium,64.8,54.05,No,250000.0
546,2024-06-29,40,Male,Kathmandu,Student,Divorced,86991.0,17.2,13.9,761.0,12414.0,57081.0,3.7,7.9,57.8,7.9,0,5,2.6,Medium,79.5,34.0,No,250000.0
717,2024-12-17,34,Male,Kathmandu,Self-employed,Single,32687.0,6.7,13.7,616.0,2503.0,18146.0,8.9,6.4,61.6,3.6,7,2,4.6,High,51.7,62.49,No,250000.0
270,2023-09-27,53,Female,Butwal,Employed,Married,84382.0,28.1,15.7,743.0,26454.0,7845.0,9.5,7.2,75.7,3.5,1,2,2.8,Medium,58.4,67.15,Yes,250000.0
92,2023-04-02,38,Female,Kathmandu,Employed,Married,103297.0,11.5,14.5,702.0,61104.0,23007.0,10.5,7.6,84.5,10.7,6,2,3.1,Low,79.7,68.45,No,250000.0
171,2023-06-20,56,Male,Biratnagar,Student,Married,,32.9,15.1,752.0,51042.0,87249.0,6.8,8.2,74.9,6.1,7,4,0.6,,81.3,69.75,Yes,250000.0
591,2024-08-13,19,Female,Biratnagar,Employed,Married,27827.0,0.0,15.9,543.0,18334.0,38772.0,3.7,6.0,79.8,6.4,0,4,6.2,High,81.0,36.48,Yes,250000.0
91,2023-04-01,57,Male,Lalitpur,Employed,Single,12518.0,26.4,12.7,559.0,6470.0,14802.0,9.8,7.9,82.8,4.7,2,3,4.1,Medium,80.4,68.72,No,250000.0
76,2023-03-17,21,Male,Butwal,Employed,Single,59156.0,3.7,15.0,661.0,22642.0,33615.0,8.4,9.1,99.4,7.1,5,5,4.8,High,36.7,72.07,Yes,250000.0
328,2023-11-24,65,Male,Chitwan,Unemployed,Single,14881.0,43.4,15.2,707.0,8983.0,7298.0,7.0,9.0,77.9,4.4,1,2,5.4,Medium,68.8,56.86,No,250000.0
978,2025-09-04,51,Female,Butwal,Employed,Single,51185.0,31.0,14.4,669.0,15804.0,19255.0,4.1,8.8,100.0,9.1,0,0,4.0,Low,57.3,50.62,No,250000.0
977,2025-09-03,63,Female,Chitwan,Self-employed,Divorced,,45.0,11.4,,,3339.0,7.6,9.7,76.6,4.1,7,4,4.3,High,61.3,75.52,No,250000.0
902,2025-06-20,68,Male,Pokhara,Self-employed,Married,29590.0,38.7,11.6,691.0,24155.0,37465.0,6.7,6.8,100.0,4.0,0,1,0.7,Medium,29.8,58.43,No,250000.0
547,2024-06-30,27,Male,Butwal,Employed,Married,34375.0,0.0,13.6,517.0,,5820.0,3.8,8.0,68.3,3.9,1,2,2.7,Low,76.6,38.71,No,250000.0
368,2024-01-03,38,Male,Lalitpur,Employed,Married,74972.0,6.7,19.1,655.0,38085.0,68758.0,2.3,5.5,66.2,1.5,1,5,4.1,High,75.4,43.55,Yes,250000.0
98,2023-04-08,41,Male,Biratnagar,Employed,Married,98941.0,20.5,16.6,709.0,64994.0,57426.0,2.6,7.4,,1.0,4,2,0.0,Low,65.7,55.75,No,250000.0
906,2025-06-24,55,Female,Bhaktapur,Employed,Married,34975.0,36.3,15.3,751.0,18714.0,40299.0,1.4,6.1,86.4,1.0,4,3,1.2,High,86.8,56.81,No,250000.0
311,2023-11-07,36,Female,Biratnagar,Employed,Single,48734.0,9.7,12.0,737.0,20551.0,3219.0,6.4,6.3,77.4,5.0,5,1,3.1,High,64.2,62.45,No,250000.0
890,2025-06-08,47,Female,Bhaktapur,Employed,Single,36324.0,20.5,,686.0,23344.0,2529.0,2.4,8.1,90.9,6.7,4,0,0.0,High,81.5,51.46,No,250000.0
727,2024-12-27,56,Male,Chitwan,Employed,Single,,30.3,16.6,745.0,13917.0,58900.0,,7.4,73.3,1.6,3,4,4.9,Medium,83.7,64.51,No,250000.0
276,2023-10-03,49,Female,Butwal,Self-employed,Single,87430.0,25.2,16.7,711.0,2842.0,81767.0,2.5,7.0,69.3,2.5,1,0,5.6,Medium,66.0,47.58,Yes,250000.0
716,2024-12-16,69,Male,Butwal,Student,Single,55914.0,35.3,15.3,805.0,28356.0,68879.0,4.6,8.5,67.6,3.6,6,2,6.4,Medium,56.5,66.43,No,250000.0
700,2024-11-30,57,Male,Butwal,Student,Single,34520.0,37.6,15.2,727.0,15479.0,0.0,5.6,8.9,98.2,6.0,5,3,0.8,Medium,100.0,73.85,No,250000.0
528,2024-06-11,22,Female,Pokhara,Student,Single,40196.0,4.1,17.0,,14486.0,42076.0,0.7,6.4,100.0,6.5,5,3,0.5,High,76.3,51.44,No,250000.0
933,2025-07-21,22,Female,Lalitpur,Self-employed,Married,45249.0,0.0,13.9,727.0,8111.0,54870.0,10.3,6.6,73.1,6.0,4,6,1.9,Medium,50.4,64.36,No,250000.0
926,2025-07-14,21,Female,Kathmandu,Unemployed,Married,76980.0,0.0,14.5,712.0,18010.0,0.0,4.4,8.0,98.0,2.0,0,2,5.0,High,42.1,65.24,Yes,250000.0
280,2023-10-07,50,Male,Bhaktapur,Employed,Married,48413.0,33.4,9.5,782.0,16638.0,40920.0,9.8,6.9,58.2,3.6,3,2,1.0,High,73.6,57.61,No,250000.0
634,2024-09-25,29,Male,Biratnagar,Employed,Married,47331.0,8.1,11.2,769.0,13645.0,37238.0,7.3,4.4,89.1,10.3,2,4,0.0,Medium,66.8,49.86,No,250000.0
327,2023-11-23,52,Male,Pokhara,Self-employed,Single,73914.0,34.0,14.2,675.0,41053.0,77753.0,10.0,6.1,67.0,6.5,7,3,1.6,Medium,67.4,72.85,No,250000.0
14,2023-01-14,70,Female,Chitwan,Employed,Married,34393.0,45.0,13.4,707.0,13125.0,0.0,9.0,8.3,82.8,2.0,7,2,2.9,Medium,71.4,77.66,Yes,250000.0
595,2024-08-17,40,Female,Chitwan,Employed,Single,20764.0,17.9,15.5,672.0,,24533.0,10.4,6.4,83.4,8.4,7,2,3.4,High,59.0,64.4,No,250000.0
377,2024-01-12,21,Male,Lalitpur,Employed,Married,59744.0,0.0,11.6,807.0,11937.0,66333.0,6.2,7.0,81.9,8.3,6,2,1.5,High,62.4,60.94,No,250000.0
765,2025-02-03,36,Female,Chitwan,Employed,Single,18168.0,11.9,20.0,850.0,14188.0,9500.0,3.9,8.3,88.5,4.6,4,4,7.2,High,63.5,60.72,Yes,250000.0
75,2023-03-16,59,Female,Chitwan,Student,Single,61885.0,40.4,14.4,621.0,10989.0,50397.0,4.7,7.7,72.2,6.8,1,5,6.2,High,93.6,49.21,Yes,250000.0
385,2024-01-20,63,Female,Pokhara,Employed,Married,49401.0,35.5,11.0,555.0,19962.0,27460.0,6.8,5.8,75.3,5.0,6,2,2.6,Medium,70.5,63.17,No,250000.0
281,2023-10-08,57,Male,Chitwan,Employed,Single,59895.0,24.1,11.6,634.0,10848.0,68671.0,3.9,5.9,73.4,10.3,1,2,3.5,Medium,70.3,35.3,Yes,250000.0
625,2024-09-16,53,Female,Butwal,Employed,Single,115622.0,36.4,12.2,592.0,28756.0,130945.0,,7.5,95.6,4.1,0,7,3.4,High,42.3,58.87,Yes,250000.0
237,2023-08-25,40,Female,Pokhara,Student,Single,44510.0,20.7,16.0,649.0,36684.0,26940.0,4.6,8.5,96.3,5.0,2,2,2.9,Medium,68.3,66.62,No,250000.0
60,2023-03-01,45,Female,Bhaktapur,Employed,Married,13878.0,19.7,16.9,575.0,2820.0,7436.0,3.8,6.5,75.5,7.7,2,4,0.9,High,93.6,43.74,Yes,250000.0
728,2024-12-28,44,Female,Biratnagar,Self-employed,Single,56756.0,15.2,13.8,699.0,7514.0,48601.0,2.1,9.0,91.0,5.3,0,2,0.0,Medium,59.7,53.82,No,250000.0
513,2024-05-27,33,Female,Butwal,Unemployed,Married,74610.0,15.6,14.4,636.0,37843.0,73262.0,3.7,5.5,69.3,7.1,7,1,2.4,Low,46.3,50.67,Yes,250000.0
398,2024-02-02,50,Male,Lalitpur,Student,Single,40297.0,21.8,13.7,638.0,11915.0,8205.0,5.3,7.3,92.3,3.1,0,2,2.7,Low,48.0,54.81,No,250000.0
152,2023-06-01,31,Female,Biratnagar,Employed,Married,51523.0,13.4,16.4,746.0,22080.0,40974.0,3.6,9.0,100.0,5.9,3,3,1.2,High,76.4,71.16,No,250000.0
875,2025-05-24,57,Male,Chitwan,Self-employed,Married,32479.0,32.7,11.4,686.0,15562.0,0.0,10.0,8.6,92.6,4.8,2,1,2.8,Low,62.9,79.86,No,250000.0
600,2024-08-22,43,Male,Bhaktapur,Self-employed,Divorced,31340.0,7.4,10.6,743.0,5213.0,20329.0,4.8,6.1,,5.5,5,1,1.9,High,74.5,51.65,No,250000.0
12,2023-01-12,28,Male,Chitwan,Unemployed,Married,18068.0,2.9,11.7,738.0,0.0,0.0,2.1,7.4,100.0,4.2,2,5,3.3,Medium,62.2,46.17,No,250000.0
757,2025-01-26,64,Female,Pokhara,Self-employed,Single,35428.0,43.9,,752.0,18187.0,20151.0,2.8,6.5,92.5,8.4,4,3,3.4,Medium,74.6,51.37,Yes,250000.0
318,2023-11-14,41,Female,Chitwan,Employed,Married,32579.0,21.8,15.4,,18126.0,26258.0,4.5,5.3,92.5,3.7,5,2,6.2,Low,67.2,54.04,Yes,250000.0
228,2023-08-16,20,Male,Pokhara,Employed,Single,42666.0,0.0,15.1,654.0,25742.0,44039.0,5.2,8.2,76.9,4.5,0,4,5.8,Medium,67.6,54.85,No,250000.0
477,2024-04-21,62,Female,Bhaktapur,Student,Single,41240.0,41.4,15.0,688.0,26848.0,45419.0,5.8,7.1,100.0,5.8,3,3,5.9,High,85.4,61.68,Yes,250000.0
948,2025-08-05,28,Male,Pokhara,Self-employed,Single,27727.0,10.9,14.8,725.0,3802.0,20237.0,2.6,7.2,54.8,7.7,6,5,0.9,Medium,60.7,32.96,Yes,250000.0
779,2025-02-17,28,Female,Lalitpur,Unemployed,Married,50127.0,12.7,15.9,591.0,17361.0,5502.0,1.4,6.1,74.9,6.0,3,7,4.2,High,38.4,40.16,No,250000.0
810,2025-03-20,46,Female,Bhaktapur,Employed,Married,45619.0,14.6,14.0,730.0,30460.0,11140.0,3.6,6.5,75.2,5.0,4,3,3.6,High,81.4,48.36,Yes,250000.0
471,2024-04-15,61,Non-binary,Butwal,Employed,Single,56159.0,37.3,14.9,774.0,17981.0,0.0,6.0,6.9,100.0,10.3,7,2,0.4,Medium,59.9,61.83,No,250000.0
724,2024-12-24,48,Male,Lalitpur,Employed,Married,12863.0,15.1,14.2,608.0,6547.0,9090.0,8.1,5.5,88.7,7.5,0,4,3.0,Medium,85.1,50.17,No,250000.0
649,2024-10-10,36,Female,Chitwan,Employed,Single,63217.0,7.4,12.2,664.0,19532.0,0.0,4.5,7.6,84.3,7.3,0,3,3.8,Medium,73.5,49.14,No,250000.0
638,2024-09-29,42,Female,Biratnagar,Student,Married,35575.0,23.8,13.1,599.0,10894.0,17837.0,9.8,6.5,59.9,3.4,0,4,1.1,High,63.1,44.91,No,250000.0
834,2025-04-13,43,Female,Butwal,Employed,Single,77188.0,17.9,12.8,657.0,43566.0,6192.0,6.3,7.6,84.9,11.1,3,1,2.6,High,82.3,45.63,Yes,250000.0
492,2024-05-06,36,Female,Butwal,Self-employed,Married,,20.1,17.5,731.0,786.0,10587.0,3.5,9.5,89.0,9.9,5,1,1.3,Medium,72.5,58.92,Yes,250000.0
295,2023-10-22,24,Male,Chitwan,Self-employed,Married,68652.0,1.3,15.0,692.0,34196.0,37788.0,7.0,7.6,92.6,3.6,0,1,1.4,High,57.1,68.02,No,250000.0
286,2023-10-13,28,Female,Pokhara,Employed,Married,17478.0,2.1,11.2,654.0,7331.0,7517.0,8.8,9.8,65.3,1.5,6,3,5.4,Medium,82.2,81.24,No,250000.0
275,2023-10-02,37,Male,Butwal,Employed,Single,39762.0,19.3,12.1,820.0,13122.0,29041.0,2.4,6.8,66.4,3.4,4,5,2.0,High,93.3,47.09,No,250000.0
981,2025-09-07,43,Male,Kathmandu,Employed,Married,28531.0,11.3,16.0,795.0,15737.0,14338.0,7.2,6.7,83.3,5.8,5,0,4.8,Medium,75.3,62.27,Yes,250000.0
582,2024-08-04,57,Female,Butwal,Self-employed,Single,41618.0,32.2,11.3,614.0,3983.0,19971.0,8.6,7.2,67.2,1.3,6,4,4.6,Medium,76.6,72.82,No,250000.0
608,2024-08-30,70,Female,Kathmandu,Employed,Divorced,21957.0,45.0,11.1,729.0,14180.0,8556.0,4.7,7.3,76.8,5.4,5,3,3.7,Medium,80.5,57.0,No,250000.0
370,2024-01-05,50,Male,Butwal,Student,Divorced,46365.0,29.3,12.0,672.0,22748.0,45161.0,11.5,8.5,61.2,3.6,1,3,1.1,High,53.5,71.12,No,250000.0
108,2023-04-18,24,Female,Pokhara,Self-employed,Divorced,,0.0,13.1,662.0,21048.0,19238.0,4.4,4.5,92.8,1.0,4,1,5.3,High,48.2,62.41,Yes,250000.0
529,2024-06-12,64,Female,Lalitpur,Employed,Divorced,147289.0,35.2,13.3,590.0,80601.0,88442.0,2.9,8.1,92.5,8.2,2,4,3.0,Medium,81.0,52.53,Yes,250000.0
883,2025-06-01,51,Female,Kathmandu,Employed,Single,55471.0,22.3,11.9,537.0,28269.0,23368.0,4.1,5.7,76.0,6.8,7,0,4.2,High,68.5,61.11,No,250000.0
673,2024-11-03,70,Female,Chitwan,Self-employed,Divorced,85715.0,45.0,18.2,707.0,37408.0,48875.0,3.7,7.8,100.0,3.5,3,5,5.1,Medium,68.3,71.94,Yes,250000.0
344,2023-12-10,31,Female,Bhaktapur,Employed,Single,44511.0,7.6,11.6,565.0,7480.0,51856.0,5.9,7.3,80.8,4.5,3,3,2.1,Medium,48.5,65.41,No,250000.0
811,2025-03-21,30,Female,Biratnagar,Employed,Single,30924.0,3.7,12.2,730.0,14254.0,32134.0,3.2,6.2,85.6,2.7,3,2,2.1,Medium,88.9,51.3,No,250000.0
831,2025-04-10,66,Male,Butwal,Employed,Single,36889.0,37.4,11.7,553.0,,2005.0,7.2,7.6,72.7,7.4,6,1,0.7,Medium,72.5,64.07,No,250000.0
300,2023-10-27,66,Female,Butwal,Employed,Divorced,31320.0,43.5,14.7,696.0,23353.0,30110.0,3.1,8.8,76.2,7.1,6,5,6.8,High,89.7,57.66,No,250000.0
850,2025-04-29,22,Female,Butwal,Student,Single,53122.0,2.1,10.5,,18691.0,4320.0,12.2,8.3,79.6,9.5,7,3,4.2,Low,77.1,81.69,No,250000.0
633,2024-09-24,54,Female,Biratnagar,Employed,Married,25043.0,32.3,14.2,666.0,11232.0,24454.0,4.9,4.3,72.0,6.2,5,3,2.1,Low,49.5,47.33,No,250000.0
679,2024-11-09,59,Male,Lalitpur,Employed,Single,38092.0,35.9,15.3,564.0,16506.0,8588.0,3.9,6.8,91.8,6.4,4,3,0.0,Medium,57.1,55.7,No,250000.0
800,2025-03-10,53,Female,Pokhara,Student,Single,,29.7,14.7,661.0,12291.0,26460.0,2.6,7.4,92.8,5.1,5,6,2.3,Low,62.9,57.88,No,250000.0
966,2025-08-23,35,Female,Kathmandu,Self-employed,Single,29620.0,16.0,15.2,652.0,10999.0,41119.0,7.9,6.9,85.3,6.5,0,4,4.6,Medium,35.4,56.83,Yes,250000.0
315,2023-11-11,37,Female,Butwal,Employed,Married,15376.0,2.7,12.1,702.0,3559.0,2836.0,3.4,6.1,94.0,6.3,3,2,3.6,Medium,68.7,58.2,Yes,250000.0
364,2023-12-30,25,Male,Biratnagar,Employed,Single,69943.0,0.0,,755.0,22478.0,79085.0,6.3,8.3,73.2,5.5,3,2,0.0,High,59.9,49.38,No,250000.0
644,2024-10-05,37,Male,Chitwan,Student,Single,50138.0,4.3,16.5,692.0,3064.0,50037.0,8.8,7.1,79.6,6.8,2,4,4.6,High,60.5,72.57,Yes,250000.0
238,2023-08-26,54,Female,Butwal,Employed,Married,54064.0,35.8,18.0,675.0,10869.0,58813.0,3.7,7.5,77.0,8.7,5,4,0.0,Medium,91.3,48.79,No,250000.0
747,2025-01-16,66,Male,Chitwan,Employed,Married,174878.0,45.0,16.1,689.0,47841.0,159841.0,5.9,9.1,78.7,4.5,7,4,3.6,Medium,66.2,75.43,No,250000.0
555,2024-07-08,49,Female,Lalitpur,Student,Single,83835.0,31.8,14.7,732.0,16679.0,97382.0,7.8,7.9,77.0,4.0,6,4,2.3,Medium,28.2,75.49,No,250000.0
795,2025-03-05,67,Male,Lalitpur,Employed,Single,31027.0,41.7,,690.0,8808.0,23749.0,4.8,6.6,77.3,8.7,6,5,4.8,Medium,56.2,52.4,No,250000.0
923,2025-07-11,34,Male,Pokhara,Student,Single,19619.0,6.9,12.4,634.0,16297.0,3769.0,11.7,7.6,83.6,6.2,6,4,1.9,High,65.4,81.97,No,250000.0
896,2025-06-14,32,Female,Chitwan,Employed,Married,23340.0,6.5,13.0,640.0,9988.0,3336.0,13.3,4.9,84.7,5.0,7,8,1.6,Medium,80.3,76.91,No,250000.0
870,2025-05-19,62,Male,Bhaktapur,Student,Single,27094.0,44.5,14.6,666.0,4062.0,3935.0,10.4,7.7,66.9,7.7,4,2,3.6,Medium,67.5,56.49,No,250000.0
731,2024-12-31,36,Female,Kathmandu,Employed,Married,,11.0,14.4,,14910.0,64171.0,13.4,7.8,90.0,4.6,5,4,3.2,Low,52.1,83.66,No,250000.0
241,2023-08-29,18,Female,Bhaktapur,Student,Single,114715.0,2.1,19.0,776.0,55293.0,58967.0,4.3,5.8,90.3,4.8,1,5,0.7,High,52.4,54.06,Yes,250000.0
801,2025-03-11,44,Male,Pokhara,Employed,Divorced,29736.0,23.6,16.8,662.0,10608.0,34592.0,3.8,6.6,67.6,2.7,4,2,5.2,High,45.2,49.24,No,250000.0
720,2024-12-20,62,Male,Kathmandu,Self-employed,Married,60174.0,33.7,15.9,558.0,10373.0,50481.0,6.8,7.2,91.4,6.2,6,3,2.7,High,65.0,67.95,No,250000.0
422,2024-02-26,43,Female,Kathmandu,Student,Married,41239.0,15.5,18.0,690.0,13911.0,48941.0,9.2,5.8,89.6,4.2,4,4,1.2,High,46.7,72.49,No,250000.0
710,2024-12-10,36,Female,Butwal,Unemployed,Single,49234.0,13.3,12.4,659.0,11252.0,19910.0,7.7,7.1,63.6,3.9,5,2,4.6,Medium,70.6,63.57,No,250000.0
179,2023-06-28,24,Male,Kathmandu,Employed,Single,94538.0,4.3,13.8,662.0,23001.0,56685.0,6.3,6.3,77.1,3.6,3,2,3.3,Low,97.7,56.27,No,250000.0
686,2024-11-16,46,Female,Butwal,Self-employed,Married,45825.0,22.8,14.8,588.0,14798.0,28420.0,6.9,7.2,90.2,8.7,6,1,4.9,High,63.3,74.13,No,250000.0
244,2023-09-01,70,Male,Kathmandu,Unemployed,Married,109737.0,38.0,9.9,643.0,73199.0,15872.0,5.0,6.1,87.0,4.8,7,4,3.8,High,79.2,65.53,Yes,250000.0
845,2025-04-24,38,Female,Pokhara,Self-employed,Single,75914.0,20.7,13.6,716.0,14976.0,20351.0,1.6,6.8,82.3,6.6,4,3,3.9,High,58.4,43.38,No,250000.0
203,2023-07-22,58,Male,Biratnagar,Self-employed,Divorced,29455.0,33.2,11.7,754.0,4922.0,7749.0,9.6,8.8,88.0,2.2,0,3,2.0,High,73.8,62.64,Yes,250000.0
301,2023-10-28,19,Female,Butwal,Employed,Single,64827.0,0.0,15.4,696.0,36778.0,26267.0,14.0,5.5,76.9,5.2,3,3,1.7,Medium,70.5,69.85,No,250000.0
947,2025-08-04,48,Male,Chitwan,Employed,Married,28020.0,17.1,14.9,730.0,14750.0,20607.0,10.5,8.0,80.0,2.4,4,5,3.1,Medium,52.3,77.46,No,250000.0
231,2023-08-19,66,Female,Kathmandu,Unemployed,Single,31869.0,43.5,11.6,617.0,22639.0,7142.0,1.1,5.9,76.3,7.4,5,4,3.2,Low,71.3,42.94,No,250000.0
307,2023-11-03,49,Female,Lalitpur,Student,Single,71336.0,18.2,16.6,673.0,11754.0,72332.0,5.8,7.0,72.2,5.8,6,3,4.1,Low,90.7,58.3,No,250000.0
167,2023-06-16,21,Male,Biratnagar,Student,Single,31087.0,0.0,16.3,646.0,1860.0,8664.0,10.2,7.3,,5.3,6,6,5.9,Medium,76.8,75.89,Yes,250000.0
627,2024-09-18,66,Male,Biratnagar,Employed,Married,34541.0,37.8,12.2,638.0,18142.0,16063.0,12.6,7.2,84.5,5.1,0,2,4.0,Low,66.1,61.79,No,250000.0
794,2025-03-04,25,Female,Kathmandu,Employed,Single,55398.0,0.0,13.6,659.0,15117.0,48214.0,2.7,7.5,94.1,1.0,4,2,3.6,Medium,90.8,61.81,No,250000.0
264,2023-09-21,26,Non-binary,Biratnagar,Self-employed,Married,27182.0,0.8,17.9,722.0,24.0,2676.0,4.7,6.1,76.3,3.6,0,3,2.3,Low,72.2,48.43,Yes,250000.0
951,2025-08-08,21,Male,Bhaktapur,Employed,Married,29286.0,0.3,17.7,603.0,4640.0,7201.0,11.4,6.2,94.5,5.8,1,2,0.5,Medium,83.4,81.33,No,250000.0
233,2023-08-21,66,Male,Lalitpur,Student,Married,36775.0,35.4,12.3,644.0,16488.0,6970.0,10.6,7.3,100.0,4.4,1,6,3.0,Medium,37.3,74.96,No,250000.0
151,2023-05-31,43,Female,Butwal,Employed,Married,27202.0,18.4,17.6,781.0,14611.0,12077.0,2.1,6.6,100.0,4.6,7,3,2.1,High,70.2,69.92,No,250000.0
480,2024-04-24,47,Male,Bhaktapur,Student,Single,45581.0,22.9,,513.0,13498.0,8024.0,0.8,8.0,80.1,7.1,4,2,5.4,Medium,70.5,53.73,No,250000.0
133,2023-05-13,65,Male,Pokhara,Employed,Divorced,72528.0,33.3,13.6,778.0,14095.0,38276.0,10.9,6.8,96.7,6.8,4,4,2.7,Medium,62.8,72.02,Yes,250000.0
10,2023-01-10,40,Male,Butwal,Employed,Single,64376.0,12.9,12.7,822.0,13379.0,12704.0,8.7,6.1,79.9,7.1,0,1,0.3,Medium,66.0,48.47,No,250000.0
255,2023-09-12,22,Non-binary,Chitwan,Unemployed,Married,29632.0,8.5,12.3,717.0,17699.0,15000.0,3.1,8.3,79.5,7.3,1,3,3.3,Medium,57.9,43.58,No,250000.0
881,2025-05-30,56,Female,Chitwan,Unemployed,Single,115544.0,41.7,16.3,724.0,37507.0,132624.0,10.4,6.0,82.2,3.9,3,4,3.5,Medium,59.6,74.97,Yes,250000.0
427,2024-03-02,60,Male,Pokhara,Employed,Single,,29.8,15.1,702.0,53298.0,38428.0,4.1,5.6,81.3,5.3,4,5,1.5,High,60.9,46.83,No,250000.0
588,2024-08-10,29,Male,Kathmandu,Unemployed,Single,73205.0,7.2,13.6,737.0,48833.0,39177.0,7.6,8.8,78.4,1.9,6,0,2.1,High,64.0,70.34,No,250000.0
83,2023-03-24,53,Male,Bhaktapur,Student,Married,38704.0,27.2,14.1,619.0,6938.0,25910.0,3.9,7.4,83.0,2.7,1,0,4.7,Medium,56.8,53.18,No,250000.0
65,2023-03-06,64,Male,Kathmandu,Employed,Married,167519.0,42.2,10.7,644.0,41768.0,127434.0,5.2,7.5,100.0,7.1,4,1,1.2,High,51.2,61.42,Yes,250000.0
618,2024-09-09,54,Female,Chitwan,Self-employed,Single,160124.0,23.3,16.0,681.0,40803.0,139804.0,4.1,7.1,100.0,5.0,4,1,1.9,Medium,80.6,64.13,Yes,250000.0
375,2024-01-10,65,Female,Chitwan,Employed,Single,35800.0,36.7,,635.0,6151.0,22444.0,5.7,6.1,76.8,5.9,3,1,1.1,Medium,88.9,59.21,No,250000.0
376,2024-01-11,36,Male,Butwal,Employed,Married,42497.0,12.8,12.7,748.0,5144.0,10018.0,4.9,6.6,90.0,9.3,5,2,0.0,High,41.9,58.34,No,250000.0
535,2024-06-18,29,Male,Pokhara,Student,Married,116674.0,3.8,17.4,,20308.0,84773.0,2.8,6.2,80.5,5.2,0,4,0.0,High,69.5,45.5,Yes,250000.0
786,2025-02-24,29,Female,Bhaktapur,Employed,Married,40555.0,6.0,13.6,683.0,15550.0,16253.0,4.4,5.6,87.0,8.7,4,3,0.2,High,55.4,52.44,No,250000.0
120,2023-04-30,52,Male,Butwal,Employed,Divorced,49744.0,32.7,17.7,,25668.0,33332.0,17.3,7.5,59.8,10.0,1,2,1.6,High,62.1,75.27,No,250000.0
416,2024-02-20,39,Male,Butwal,Employed,Married,34670.0,7.9,14.4,682.0,11372.0,35162.0,4.6,6.8,67.3,7.5,3,4,2.2,Medium,72.0,48.48,No,250000.0
522,2024-06-05,68,Male,Lalitpur,Self-employed,Single,40940.0,40.9,11.7,721.0,17319.0,49236.0,4.5,5.4,75.3,2.9,3,4,5.4,High,71.1,58.28,No,250000.0
672,2024-11-02,53,Female,Butwal,Self-employed,Single,20137.0,39.2,14.1,738.0,601.0,0.0,5.4,8.5,92.6,5.9,3,3,4.0,,61.1,61.93,No,250000.0
525,2024-06-08,46,Male,Pokhara,Employed,Married,59836.0,19.3,16.2,645.0,26538.0,34281.0,1.9,6.3,80.0,2.9,3,4,3.6,High,75.6,42.96,Yes,250000.0
111,2023-04-21,18,Female,Biratnagar,Employed,Divorced,43737.0,0.0,13.8,609.0,23088.0,14543.0,13.3,7.0,73.7,5.7,5,6,4.9,High,77.9,76.81,No,250000.0
777,2025-02-15,33,Female,Pokhara,Employed,Single,59029.0,10.8,11.4,799.0,43275.0,58423.0,8.1,7.8,68.1,4.4,7,1,5.2,Medium,66.5,61.79,Yes,250000.0
566,2024-07-19,49,Female,Butwal,Student,Single,19254.0,17.3,14.9,706.0,11040.0,17411.0,7.1,7.0,74.1,6.7,3,2,5.4,Medium,66.3,67.72,No,250000.0
447,2024-03-22,29,Non-binary,Lalitpur,Employed,Single,30697.0,3.6,19.0,761.0,21329.0,3422.0,4.8,6.8,66.3,1.4,7,1,5.8,Medium,74.3,58.2,Yes,250000.0
346,2023-12-12,65,Male,Butwal,Employed,Divorced,40940.0,40.2,11.9,689.0,17402.0,34953.0,3.0,7.4,79.0,5.1,7,3,2.4,Low,79.5,60.25,No,250000.0
122,2023-05-02,22,Male,Biratnagar,Employed,Single,36402.0,0.0,17.6,669.0,27036.0,0.0,9.0,6.5,100.0,8.1,6,2,4.2,Low,73.7,83.09,No,250000.0
611,2024-09-02,28,Male,Kathmandu,Self-employed,Married,59368.0,2.2,9.2,613.0,49996.0,5053.0,2.8,4.6,100.0,7.3,0,4,1.7,Medium,80.5,36.54,No,250000.0
614,2024-09-05,42,Male,Kathmandu,Employed,Married,76733.0,20.8,14.1,637.0,48772.0,7116.0,5.5,6.6,85.3,3.2,3,1,2.9,Low,70.2,57.37,No,250000.0
689,2024-11-19,35,Male,Biratnagar,Student,Single,12000.0,18.4,12.9,741.0,8796.0,9938.0,5.7,8.0,93.5,6.8,3,2,2.2,High,62.4,66.82,Yes,250000.0
463,2024-04-07,59,Male,Kathmandu,Student,Married,34477.0,32.1,12.8,695.0,23053.0,36119.0,8.5,7.6,66.4,3.4,1,2,0.5,Low,54.2,66.45,Yes,250000.0
968,2025-08-25,59,Non-binary,Pokhara,Self-employed,Single,59653.0,42.9,13.9,777.0,32222.0,62067.0,6.3,7.0,89.9,2.3,7,5,1.8,High,59.2,72.41,Yes,250000.0
450,2024-03-25,32,Female,Lalitpur,Self-employed,Married,29956.0,5.5,15.3,760.0,11910.0,8227.0,7.3,6.7,100.0,7.7,5,3,4.0,Medium,73.0,69.96,No,250000.0
967,2025-08-24,45,Female,Kathmandu,Student,Married,50525.0,22.3,16.1,781.0,5398.0,21025.0,7.7,5.8,77.5,4.6,7,2,3.6,Medium,65.5,61.89,Yes,250000.0
914,2025-07-02,51,Female,Lalitpur,Employed,Married,30108.0,20.1,12.4,554.0,12981.0,14177.0,3.9,8.0,83.2,8.7,6,4,1.6,High,77.0,55.89,No,250000.0
41,2023-02-10,61,Female,Butwal,Self-employed,Single,120784.0,42.6,14.2,532.0,39427.0,110525.0,6.5,5.5,81.3,4.4,1,3,3.6,Medium,48.1,47.99,No,250000.0
941,2025-07-29,65,Female,Bhaktapur,Employed,Married,41989.0,45.0,12.2,637.0,3838.0,0.0,6.2,5.9,96.8,3.6,4,3,6.5,Low,66.3,65.41,Yes,250000.0
218,2023-08-06,49,Male,Biratnagar,Employed,Single,30352.0,29.4,13.1,627.0,18744.0,22774.0,4.8,7.2,72.7,6.5,6,2,5.4,Low,93.2,46.56,Yes,250000.0
308,2023-11-04,26,Male,Kathmandu,Employed,Married,95493.0,5.6,17.2,613.0,57732.0,3436.0,4.8,8.4,79.3,4.2,7,3,1.3,High,50.4,74.93,Yes,250000.0
530,2024-06-13,66,Male,Kathmandu,Self-employed,Married,85746.0,45.0,8.3,701.0,9436.0,95398.0,2.3,7.7,66.9,8.8,4,6,3.8,Medium,74.1,48.1,No,250000.0
828,2025-04-07,35,Male,Butwal,Employed,Married,81666.0,11.4,13.8,442.0,23496.0,73834.0,2.2,6.1,86.7,6.7,5,2,3.2,High,44.7,47.78,No,250000.0
158,2023-06-07,43,Male,Chitwan,Self-employed,Single,44057.0,21.8,9.9,697.0,21608.0,11748.0,3.0,5.3,88.7,4.3,4,6,0.2,Medium,66.8,48.91,Yes,250000.0
251,2023-09-08,28,Male,Butwal,Employed,Single,75888.0,4.2,14.5,606.0,48655.0,52885.0,7.6,5.9,87.6,6.2,7,3,3.6,Medium,100.0,70.19,No,250000.0
125,2023-05-05,58,Female,Bhaktapur,Employed,Single,66794.0,32.8,15.7,653.0,13694.0,30162.0,,7.4,84.3,6.5,0,0,4.7,Medium,79.9,61.68,Yes,250000.0
726,2024-12-26,61,Female,Kathmandu,Employed,Single,155153.0,31.3,13.7,763.0,11826.0,111535.0,2.9,6.2,54.1,5.2,3,1,1.9,High,55.5,38.23,Yes,250000.0
330,2023-11-26,52,Male,Butwal,Student,Married,43776.0,29.0,14.1,567.0,19771.0,7710.0,5.9,7.3,85.7,4.8,2,6,3.7,Medium,56.3,58.48,No,250000.0
350,2023-12-16,20,Non-binary,Pokhara,Employed,Married,61497.0,0.0,11.9,578.0,7980.0,28055.0,5.7,4.6,71.9,3.6,1,1,2.6,Medium,67.0,43.86,No,250000.0
961,2025-08-18,67,Female,Bhaktapur,Employed,Divorced,39467.0,39.8,16.2,742.0,10765.0,39250.0,2.9,8.8,74.0,3.8,5,3,1.0,Medium,83.1,60.38,Yes,250000.0
369,2024-01-04,47,Male,Chitwan,Employed,Single,42660.0,23.3,14.4,679.0,7076.0,22736.0,2.4,7.4,78.8,5.1,5,4,4.8,High,91.3,60.1,No,250000.0
170,2023-06-19,40,Male,Pokhara,Student,Married,45353.0,16.4,12.7,670.0,24887.0,53552.0,5.9,5.5,87.4,7.0,3,2,3.4,Medium,60.2,45.24,No,250000.0
382,2024-01-17,45,Male,Lalitpur,Student,Divorced,173517.0,20.9,15.3,695.0,87128.0,200000.0,10.2,8.4,75.5,5.4,1,1,0.5,High,51.7,65.98,No,250000.0
407,2024-02-11,59,Female,Butwal,Unemployed,Single,48907.0,27.7,15.0,724.0,18712.0,12434.0,8.5,7.1,89.5,6.2,0,4,0.7,Medium,67.7,64.41,No,250000.0
796,2025-03-06,45,Male,Pokhara,Employed,Single,,18.5,14.4,599.0,30044.0,68961.0,6.8,7.8,74.1,4.4,5,0,1.5,Medium,63.5,61.42,No,250000.0
35,2023-02-04,59,Female,Butwal,Student,Married,59132.0,33.2,13.7,721.0,30167.0,33149.0,2.0,7.2,53.9,5.1,0,0,3.8,Medium,67.7,25.16,Yes,250000.0
812,2025-03-22,63,Female,Lalitpur,Student,Married,23587.0,42.1,15.8,709.0,8762.0,14329.0,5.7,8.4,68.7,7.9,5,6,5.1,Medium,85.2,58.94,No,250000.0
310,2023-11-06,52,Male,Lalitpur,Self-employed,Single,,25.2,14.1,658.0,13998.0,7604.0,13.5,7.3,93.3,11.4,0,1,3.3,Medium,57.7,62.51,No,250000.0
768,2025-02-06,64,Male,Lalitpur,Employed,Married,51678.0,35.4,13.8,688.0,20144.0,35457.0,8.1,9.0,68.1,1.6,5,3,4.3,High,70.6,72.42,No,250000.0
164,2023-06-13,66,Male,Biratnagar,Employed,Married,52411.0,44.5,14.6,652.0,24877.0,26868.0,6.3,8.1,92.0,8.8,1,3,4.5,Medium,92.6,57.0,No,250000.0
371,2024-01-06,45,Male,Pokhara,Student,Single,84155.0,28.4,10.6,772.0,25602.0,8195.0,9.4,7.8,64.9,5.1,3,2,6.3,High,86.8,64.4,No,250000.0
160,2023-06-09,30,Female,Lalitpur,Employed,Single,47093.0,8.5,13.4,622.0,,43530.0,7.0,4.7,87.0,6.4,2,2,2.3,Medium,83.4,45.15,No,250000.0
288,2023-10-15,42,Male,Kathmandu,Employed,Single,38564.0,19.1,16.1,674.0,,29027.0,2.5,7.0,,6.2,4,3,0.0,Low,58.6,45.75,Yes,250000.0
184,2023-07-03,59,Non-binary,Bhaktapur,Employed,Single,100748.0,34.3,15.0,651.0,8794.0,17665.0,7.1,6.4,94.6,1.0,2,2,3.6,High,98.0,59.18,No,250000.0
775,2025-02-13,70,Male,Chitwan,Employed,Married,25644.0,43.0,15.1,696.0,14359.0,21304.0,5.1,7.5,80.7,5.9,7,0,3.6,Medium,76.6,60.09,No,250000.0
559,2024-07-12,21,Male,Pokhara,Self-employed,Married,45713.0,0.0,16.7,591.0,25641.0,9812.0,,5.9,78.0,6.3,0,1,0.7,High,90.4,50.01,No,250000.0
715,2024-12-15,39,Female,Chitwan,Employed,Divorced,53935.0,19.5,15.6,632.0,16750.0,22425.0,5.6,8.1,100.0,7.3,4,1,4.9,Medium,53.0,68.11,No,250000.0
22,2023-01-22,41,Female,Chitwan,Student,Married,,20.6,18.4,687.0,13911.0,10375.0,7.0,4.9,96.0,3.1,5,4,5.2,Medium,72.4,75.22,Yes,250000.0
335,2023-12-01,35,Male,Butwal,Employed,Married,49558.0,9.4,13.3,646.0,16952.0,26432.0,3.7,7.0,72.2,6.4,2,1,4.9,High,51.5,42.84,No,250000.0
823,2025-04-02,67,Female,Kathmandu,Employed,Single,45651.0,39.5,10.1,506.0,8483.0,16256.0,,7.5,79.2,6.9,5,5,1.4,Medium,89.6,54.33,No,250000.0
284,2023-10-11,57,Female,Kathmandu,Employed,Married,24316.0,29.2,14.4,,5037.0,1229.0,5.1,4.0,83.1,6.2,3,3,3.7,High,70.9,46.68,No,250000.0
916,2025-07-04,55,Male,Bhaktapur,Employed,Single,36518.0,22.3,17.6,677.0,27697.0,9318.0,5.4,6.3,96.2,6.0,0,3,1.7,Low,79.6,54.23,Yes,250000.0
979,2025-09-05,66,Female,Pokhara,Employed,Married,41505.0,40.6,15.5,762.0,17181.0,20555.0,9.9,6.8,100.0,6.1,1,4,2.0,Medium,43.0,74.03,Yes,250000.0
729,2024-12-29,27,Male,Biratnagar,Employed,Single,25128.0,5.0,11.5,663.0,7686.0,34279.0,7.0,6.3,87.7,2.1,5,2,4.1,High,74.5,63.84,No,250000.0
581,2024-08-03,50,Male,Butwal,Employed,Single,,29.7,,718.0,25255.0,2705.0,8.3,6.1,89.8,3.9,5,2,3.4,Medium,61.3,63.68,No,250000.0
161,2023-06-10,68,Male,Kathmandu,Employed,Married,40515.0,44.1,13.3,797.0,19246.0,29210.0,6.2,8.9,83.0,7.1,7,2,3.6,High,61.6,73.99,Yes,250000.0
519,2024-06-02,29,Male,Lalitpur,Employed,Married,101330.0,7.2,13.8,704.0,3521.0,37079.0,4.7,6.8,100.0,5.7,0,6,2.7,Medium,79.8,49.79,Yes,250000.0
121,2023-05-01,50,Female,Chitwan,Unemployed,Single,12000.0,21.3,14.4,565.0,8282.0,0.0,3.0,6.5,77.2,4.6,1,1,3.1,Medium,92.0,41.1,No,250000.0
397,2024-02-01,52,Female,Bhaktapur,Self-employed,Single,59464.0,31.1,15.5,609.0,28235.0,22894.0,1.1,5.7,82.1,6.5,1,5,4.4,Medium,62.7,37.84,Yes,250000.0
128,2023-05-08,26,Female,Lalitpur,Self-employed,Single,30955.0,3.6,,657.0,15531.0,0.0,4.0,5.7,76.7,3.9,4,2,2.9,Medium,75.7,54.25,No,250000.0
793,2025-03-03,43,Female,Lalitpur,Employed,Divorced,47819.0,11.4,11.8,800.0,24545.0,46529.0,7.6,7.6,78.9,3.5,0,1,0.0,Medium,50.5,56.34,Yes,250000.0
761,2025-01-30,28,Male,Pokhara,Employed,Married,16105.0,2.5,14.6,711.0,13184.0,20719.0,4.6,6.5,67.5,1.0,3,0,3.6,High,42.9,47.99,No,250000.0
81,2023-03-22,51,Female,Kathmandu,Employed,Single,64459.0,33.4,15.0,594.0,12683.0,47730.0,2.6,8.1,70.6,7.6,3,3,2.4,Medium,81.8,46.07,No,250000.0
393,2024-01-28,66,Female,Lalitpur,Self-employed,Single,19788.0,29.5,11.9,631.0,11896.0,22467.0,6.7,7.4,80.8,4.3,0,1,2.6,High,56.3,52.76,No,250000.0
819,2025-03-29,42,Male,Bhaktapur,Employed,Married,57606.0,16.4,16.2,681.0,6624.0,39257.0,3.5,8.4,82.7,2.0,4,2,1.0,Medium,75.9,62.41,No,250000.0
524,2024-06-07,39,Male,Bhaktapur,Student,Single,59969.0,18.2,11.2,719.0,33314.0,52471.0,4.0,4.5,85.2,6.5,0,2,3.0,High,99.4,34.57,No,250000.0
772,2025-02-10,32,Female,Chitwan,Employed,Divorced,107360.0,8.4,10.1,657.0,40944.0,137434.0,6.0,6.2,82.6,7.9,3,1,5.5,Medium,75.9,43.73,Yes,250000.0
846,2025-04-25,65,Female,Kathmandu,Self-employed,Single,12000.0,30.6,14.5,534.0,3120.0,9477.0,6.8,8.8,87.3,8.8,6,4,2.8,High,80.3,68.5,No,250000.0
149,2023-05-29,18,Female,Bhaktapur,Employed,Single,63154.0,0.0,12.4,567.0,19165.0,62923.0,10.2,5.4,90.3,10.3,1,3,3.7,Medium,75.7,48.95,No,250000.0
193,2023-07-12,47,Male,Pokhara,Employed,Married,36987.0,19.3,15.0,566.0,18208.0,19834.0,1.8,5.3,78.8,7.7,7,5,5.3,Low,70.4,41.14,No,250000.0
23,2023-01-23,61,Male,Chitwan,Employed,Single,185303.0,37.9,16.0,707.0,46870.0,100824.0,10.9,6.6,75.7,6.5,1,6,3.7,Medium,65.0,61.4,No,250000.0
182,2023-07-01,45,Male,Butwal,Employed,Divorced,13991.0,17.8,17.3,775.0,3756.0,0.0,11.4,7.0,96.3,6.2,6,4,1.5,High,66.0,78.88,Yes,250000.0
657,2024-10-18,24,Female,Lalitpur,Student,Single,69967.0,0.7,11.0,731.0,24986.0,49692.0,2.5,8.7,98.7,7.7,6,1,2.2,High,85.5,56.04,Yes,250000.0
176,2023-06-25,53,Male,Butwal,Employed,Single,27272.0,35.3,16.9,815.0,3535.0,15187.0,8.2,8.2,72.9,8.1,6,5,3.5,Low,47.7,60.96,Yes,250000.0
753,2025-01-22,61,Male,Kathmandu,Employed,Married,21696.0,42.7,13.7,723.0,11677.0,7068.0,5.0,4.1,80.4,4.6,5,1,0.0,Medium,76.8,56.93,No,250000.0
123,2023-05-03,59,Male,Butwal,Employed,Divorced,93541.0,33.1,12.4,647.0,6357.0,24978.0,16.0,7.9,82.1,2.4,5,1,3.2,Medium,81.9,93.5,Yes,250000.0
865,2025-05-14,31,Female,Butwal,Self-employed,Married,32378.0,13.4,13.2,779.0,15965.0,28237.0,8.8,5.6,77.0,7.5,6,8,3.0,High,51.9,62.65,No,250000.0
959,2025-08-16,46,Male,Bhaktapur,Employed,Single,51067.0,20.4,10.9,641.0,22012.0,7190.0,2.4,8.8,85.7,6.9,0,1,2.1,High,62.4,48.67,No,250000.0
991,2025-09-17,65,Female,Lalitpur,Employed,Single,70004.0,45.0,12.7,686.0,38856.0,10658.0,5.5,7.3,89.1,3.5,3,4,2.9,Low,54.5,63.86,Yes,250000.0
821,2025-03-31,27,Non-binary,Lalitpur,Employed,Married,113976.0,0.0,12.3,728.0,69768.0,123711.0,3.0,7.6,73.8,6.4,0,5,2.6,Medium,52.4,38.59,No,250000.0
417,2024-02-21,40,Male,Pokhara,Student,Single,34855.0,15.7,14.9,630.0,17866.0,38096.0,5.6,9.7,82.8,7.3,0,4,5.4,Medium,70.0,59.23,No,250000.0
871,2025-05-20,30,Male,Kathmandu,Employed,Divorced,103887.0,1.9,13.9,617.0,68589.0,95317.0,16.5,8.3,57.0,3.4,6,4,2.9,Medium,78.1,96.51,No,250000.0
213,2023-08-01,59,Female,Lalitpur,Employed,Married,45323.0,39.7,11.5,648.0,,60432.0,11.1,6.1,73.3,6.5,1,2,0.0,Low,20.0,56.52,No,250000.0
67,2023-03-08,31,Male,Kathmandu,Employed,Married,40021.0,8.9,13.0,641.0,4798.0,0.0,2.7,6.6,93.0,5.0,0,2,2.4,High,86.7,57.53,No,250000.0
587,2024-08-09,30,Male,Butwal,Student,Married,121887.0,8.3,13.9,664.0,45786.0,17413.0,5.0,8.0,77.1,3.2,6,8,0.7,Low,63.7,64.89,No,250000.0
285,2023-10-12,18,Male,Chitwan,Student,Single,53007.0,0.0,16.2,788.0,23229.0,56680.0,5.7,7.1,82.0,6.0,0,2,1.3,Medium,59.5,55.6,No,250000.0
191,2023-07-10,61,Female,Biratnagar,Employed,Married,33003.0,34.5,13.8,,9639.0,12336.0,0.9,6.3,76.6,1.0,4,6,2.7,Medium,98.4,44.8,No,250000.0
85,2023-03-26,48,Male,Butwal,Unemployed,Single,,29.2,13.2,719.0,27439.0,39129.0,13.9,5.7,70.3,6.9,2,1,2.3,Medium,61.6,78.09,No,250000.0
243,2023-08-31,19,Female,Biratnagar,Student,Single,29073.0,0.0,10.6,501.0,12573.0,0.0,7.3,5.9,83.8,6.0,6,2,5.4,Medium,60.6,65.7,No,250000.0
660,2024-10-21,48,Male,Kathmandu,Employed,Married,34037.0,26.6,14.2,529.0,12242.0,31079.0,8.7,6.9,64.7,6.3,5,5,0.0,Medium,70.0,59.04,No,250000.0
554,2024-07-07,36,Female,Butwal,Employed,Married,35720.0,12.5,11.0,708.0,7322.0,42785.0,11.3,6.8,64.1,3.4,4,5,2.4,Medium,51.9,64.57,No,250000.0
156,2023-06-05,32,Male,Butwal,Self-employed,Divorced,70157.0,11.9,15.3,782.0,13371.0,57652.0,4.9,7.3,54.4,6.6,3,2,4.4,Medium,77.5,45.37,Yes,250000.0
332,2023-11-28,46,Female,Pokhara,Employed,Married,91896.0,17.1,15.9,753.0,0.0,67905.0,7.5,6.3,64.2,7.2,5,5,3.5,High,45.1,54.21,No,250000.0
892,2025-06-10,34,Male,Kathmandu,Employed,Single,36432.0,1.5,11.0,669.0,20496.0,32226.0,7.0,8.7,85.9,5.3,4,3,2.6,Medium,69.2,67.9,Yes,250000.0
459,2024-04-03,39,Female,Biratnagar,Self-employed,Single,33389.0,13.5,12.5,630.0,3603.0,20267.0,,8.0,73.9,2.5,4,2,4.8,High,71.1,50.1,No,250000.0
357,2023-12-23,39,Female,Butwal,Employed,Married,57782.0,11.6,17.9,665.0,133.0,45448.0,1.6,9.0,92.8,7.1,4,4,3.9,Medium,74.9,56.86,No,250000.0
848,2025-04-27,45,Female,Biratnagar,Unemployed,Single,43329.0,17.9,11.8,735.0,,14666.0,2.9,7.1,88.5,4.0,2,7,4.3,High,58.4,57.58,No,250000.0
647,2024-10-08,39,Male,Kathmandu,Employed,Single,36073.0,12.6,14.7,712.0,16791.0,0.0,3.5,6.9,64.0,4.5,6,2,4.2,,69.7,55.03,No,250000.0
102,2023-04-12,58,Female,Lalitpur,Employed,Single,59656.0,39.1,12.3,695.0,5829.0,11353.0,17.2,7.7,89.5,4.8,2,0,4.1,,95.5,89.5,Yes,250000.0
229,2023-08-17,66,Female,Chitwan,Employed,Single,34644.0,43.4,16.2,701.0,4510.0,19325.0,1.3,6.4,87.7,6.8,0,2,1.1,Medium,100.0,36.35,No,250000.0
283,2023-10-10,35,Male,Biratnagar,Employed,Divorced,43784.0,11.4,11.2,563.0,18718.0,28483.0,7.1,6.8,81.7,6.9,7,2,4.2,High,70.1,66.14,No,250000.0
911,2025-06-29,32,Female,Kathmandu,Employed,Married,38007.0,6.7,14.0,628.0,14701.0,51580.0,7.5,5.9,66.1,3.0,4,2,1.2,High,83.9,53.75,Yes,250000.0
758,2025-01-27,38,Female,Kathmandu,Student,Single,30774.0,22.7,14.1,677.0,,35072.0,6.6,7.5,82.0,1.5,4,3,2.1,High,62.0,71.67,Yes,250000.0
996,2025-09-22,25,Male,Lalitpur,Employed,Single,50372.0,0.0,14.9,580.0,7925.0,3121.0,4.7,6.0,,4.7,6,2,0.0,Medium,65.5,64.14,No,250000.0
277,2023-10-04,24,Female,Kathmandu,Employed,Single,51082.0,0.0,15.7,701.0,36585.0,14249.0,8.6,7.9,85.7,3.6,3,3,3.8,Low,38.3,71.45,No,250000.0
572,2024-07-25,52,Male,Bhaktapur,Student,Single,12807.0,26.1,17.6,836.0,12705.0,11333.0,2.7,5.6,76.2,6.0,2,3,3.7,Medium,56.0,41.16,Yes,250000.0
95,2023-04-05,35,Male,Kathmandu,Unemployed,Married,65655.0,14.0,16.5,733.0,33407.0,27934.0,1.8,7.0,66.2,5.8,0,1,2.5,High,55.8,38.99,No,250000.0
431,2024-03-06,59,Male,Bhaktapur,Employed,Divorced,39257.0,35.0,14.5,630.0,14240.0,10113.0,3.3,9.5,72.9,6.8,5,4,2.1,High,73.6,61.65,Yes,250000.0
980,2025-09-06,31,Male,Biratnagar,Self-employed,Married,36826.0,5.6,17.4,516.0,10348.0,15084.0,3.9,5.9,100.0,2.9,1,5,4.2,Medium,91.4,53.4,No,250000.0
279,2023-10-06,58,Male,Butwal,Employed,Married,60595.0,29.9,13.1,562.0,11024.0,7067.0,9.8,7.2,70.0,5.0,5,2,3.0,High,72.4,66.34,No,250000.0
579,2024-08-01,20,Female,Bhaktapur,Employed,Married,51086.0,2.4,17.3,693.0,9545.0,47232.0,7.7,5.8,87.2,6.0,0,1,0.2,Medium,70.8,50.25,Yes,250000.0
785,2025-02-23,55,Male,Bhaktapur,Student,Single,21331.0,36.0,13.0,621.0,7104.0,4297.0,4.4,7.2,44.8,6.9,5,3,4.6,High,70.7,44.48,No,250000.0
246,2023-09-03,43,Female,Biratnagar,Self-employed,Married,23256.0,25.1,9.9,563.0,9972.0,0.0,3.9,6.2,83.3,6.1,3,3,2.2,Low,65.9,44.79,No,250000.0
333,2023-11-29,35,Male,Chitwan,Self-employed,Married,99580.0,5.6,10.6,622.0,11989.0,19010.0,3.8,4.2,89.2,6.6,4,3,2.9,High,52.0,43.36,Yes,250000.0
506,2024-05-20,49,Female,Butwal,Self-employed,Married,42834.0,21.7,13.2,580.0,25322.0,31909.0,7.2,5.9,93.6,3.6,0,7,3.4,Medium,53.3,66.82,No,250000.0
942,2025-07-30,28,Male,Lalitpur,Unemployed,Married,30327.0,0.0,9.8,671.0,8357.0,27589.0,8.3,6.4,,5.4,2,2,1.6,High,36.3,57.27,No,250000.0
454,2024-03-29,49,Male,Pokhara,Student,Single,34999.0,30.0,8.4,744.0,18364.0,38400.0,3.4,6.8,,7.5,3,2,3.6,Medium,57.1,58.14,No,250000.0
957,2025-08-14,20,Non-binary,Kathmandu,Self-employed,Married,165118.0,0.0,15.3,700.0,78816.0,186299.0,17.5,10.0,77.5,6.4,7,3,1.7,High,75.5,100.84,Yes,250000.0
290,2023-10-17,40,Male,Chitwan,Self-employed,Married,25275.0,18.8,20.0,747.0,0.0,1447.0,3.2,5.7,86.7,8.0,6,3,2.4,Medium,33.1,59.71,Yes,250000.0
585,2024-08-07,61,Male,Chitwan,Unemployed,Single,109093.0,43.9,15.5,696.0,28710.0,60822.0,6.0,7.8,80.7,5.3,4,3,3.4,High,65.1,59.59,No,250000.0
143,2023-05-23,18,Female,Biratnagar,Student,Married,22816.0,0.0,12.1,773.0,10472.0,9503.0,0.8,9.5,77.6,3.5,2,3,1.5,High,59.6,37.13,No,250000.0
557,2024-07-10,22,Male,Bhaktapur,Employed,Married,96361.0,0.0,15.1,729.0,9388.0,69939.0,3.9,6.6,73.8,4.7,0,11,2.3,High,53.9,42.31,Yes,250000.0
512,2024-05-26,18,Female,Pokhara,Employed,Single,24475.0,0.0,16.3,767.0,4088.0,23166.0,3.9,6.3,74.6,7.6,4,2,3.6,Medium,74.2,46.44,No,250000.0
665,2024-10-26,70,Female,Pokhara,Employed,Married,36831.0,45.0,11.8,766.0,7465.0,19876.0,13.7,6.8,77.2,6.9,4,3,2.1,Medium,56.0,70.56,Yes,250000.0
692,2024-11-22,26,Male,Bhaktapur,Self-employed,Married,53811.0,6.0,13.9,784.0,2945.0,2364.0,13.8,6.2,73.9,2.6,2,3,4.2,Medium,60.9,77.37,No,250000.0
293,2023-10-20,59,Female,Bhaktapur,Student,Single,25315.0,36.9,13.6,682.0,4961.0,11421.0,5.8,6.7,62.5,3.9,4,5,3.0,Medium,63.5,52.0,Yes,250000.0
453,2024-03-28,19,Female,Lalitpur,Self-employed,Married,84082.0,0.0,15.0,671.0,8957.0,6251.0,5.5,6.4,81.0,5.8,7,2,3.4,Medium,60.7,62.42,No,250000.0
46,2023-02-15,24,Female,Chitwan,Employed,Married,189777.0,0.4,11.3,656.0,58982.0,209589.0,14.5,6.5,96.7,3.9,7,1,5.0,Medium,63.5,96.99,Yes,250000.0
722,2024-12-22,53,Male,Chitwan,Employed,Single,69726.0,27.4,15.8,601.0,29217.0,71532.0,3.3,6.8,61.5,2.2,0,2,3.2,High,76.6,41.66,Yes,250000.0
486,2024-04-30,30,Male,Pokhara,Employed,Single,62806.0,6.5,11.2,660.0,10255.0,57583.0,1.9,8.5,74.0,5.6,4,2,5.4,Medium,78.4,38.49,No,250000.0
706,2024-12-06,22,Female,Bhaktapur,Employed,Married,52437.0,0.0,9.4,609.0,12941.0,35222.0,4.1,8.2,86.8,8.9,3,1,3.8,Medium,55.7,57.99,No,250000.0
479,2024-04-23,69,Male,Chitwan,Student,Single,36710.0,45.0,15.0,546.0,6685.0,30372.0,6.8,5.7,75.1,1.8,7,8,4.7,Medium,57.8,64.07,No,250000.0
983,2025-09-09,44,Male,Chitwan,Employed,Single,116525.0,28.6,14.1,646.0,63837.0,71459.0,8.5,7.2,56.1,5.8,5,3,4.5,Low,90.5,56.68,Yes,250000.0
567,2024-07-20,44,Male,Pokhara,Employed,Married,92850.0,24.3,16.8,706.0,33961.0,66901.0,8.1,7.1,56.4,5.8,0,4,4.2,High,49.7,47.96,No,250000.0
839,2025-04-18,30,Female,Chitwan,Employed,Married,74327.0,13.8,15.3,660.0,45454.0,27164.0,2.9,9.0,80.7,5.5,3,4,1.0,Medium,71.4,47.81,Yes,250000.0
500,2024-05-14,29,Male,Kathmandu,Employed,Married,67681.0,8.5,11.2,643.0,24756.0,35013.0,1.7,8.2,80.7,3.1,6,2,3.2,Low,48.6,61.39,No,250000.0
27,2023-01-27,38,Female,Bhaktapur,Employed,Married,101530.0,12.7,15.2,723.0,40248.0,58624.0,5.8,5.0,65.8,6.9,3,2,2.3,Medium,61.3,42.68,Yes,250000.0
363,2023-12-29,68,Male,Pokhara,Self-employed,Single,31499.0,45.0,13.2,649.0,967.0,3296.0,7.7,9.2,85.2,9.1,5,7,3.1,Medium,80.2,63.59,No,250000.0
269,2023-09-26,37,Male,Biratnagar,Student,Married,37670.0,16.9,11.7,501.0,15135.0,39236.0,3.1,7.5,89.9,6.4,6,3,1.2,Low,60.3,61.08,No,250000.0
64,2023-03-05,25,Female,Chitwan,Employed,Single,25783.0,0.0,16.3,637.0,11514.0,31875.0,2.9,4.5,80.6,5.1,4,3,1.2,Medium,49.1,41.65,Yes,250000.0
750,2025-01-19,55,Male,Biratnagar,Employed,Married,26867.0,38.3,17.2,572.0,12531.0,4677.0,8.1,7.5,79.9,4.4,4,3,5.3,High,87.0,69.6,No,250000.0
969,2025-08-26,39,Non-binary,Bhaktapur,Unemployed,Married,37722.0,8.8,18.1,805.0,28512.0,15913.0,2.8,7.7,66.3,6.3,0,1,2.1,Medium,74.6,36.05,Yes,250000.0
982,2025-09-08,62,Female,Lalitpur,Employed,Married,74203.0,42.9,15.7,764.0,9160.0,9381.0,3.0,6.3,93.7,5.9,1,3,2.9,Medium,43.8,54.77,No,250000.0
34,2023-02-03,44,Female,Butwal,Employed,Single,18279.0,24.5,11.9,524.0,6971.0,20228.0,11.2,6.8,94.2,7.5,6,4,1.8,Medium,59.6,77.97,No,250000.0
944,2025-08-01,64,Male,Kathmandu,Student,Single,28227.0,45.0,16.2,679.0,17619.0,14367.0,13.1,8.3,89.4,5.1,4,2,2.5,High,67.7,76.31,Yes,250000.0
946,2025-08-03,33,Male,Chitwan,Employed,Single,51512.0,18.2,15.6,596.0,6692.0,40835.0,2.6,7.8,88.0,6.8,3,3,4.7,Medium,57.8,50.75,Yes,250000.0
624,2024-09-15,65,Male,Kathmandu,Employed,Single,33497.0,32.7,14.6,663.0,6143.0,43551.0,7.8,6.7,97.8,9.2,3,4,1.8,High,70.4,63.9,Yes,250000.0
119,2023-04-29,52,Male,Bhaktapur,Employed,Single,220000.0,26.9,11.2,723.0,99811.0,94205.0,2.1,6.6,70.0,4.7,2,4,2.6,High,84.3,38.19,No,250000.0
16,2023-01-16,57,Female,Bhaktapur,Employed,Married,22122.0,28.5,12.7,538.0,0.0,16415.0,7.2,8.3,82.3,7.5,1,2,4.4,Low,74.3,55.2,No,250000.0
568,2024-07-21,37,Female,Kathmandu,Student,Single,57299.0,8.4,9.1,613.0,9616.0,11042.0,2.7,8.0,65.6,7.7,7,2,4.2,Medium,84.4,58.09,Yes,250000.0
43,2023-02-12,20,Female,Kathmandu,Employed,Married,61445.0,0.1,11.9,525.0,8363.0,36639.0,4.5,7.7,92.0,3.2,7,5,2.5,Medium,87.5,62.7,No,250000.0
901,2025-06-19,28,Male,Kathmandu,Employed,Married,,6.7,16.9,720.0,5370.0,15623.0,5.2,5.5,89.4,3.3,1,3,1.5,Medium,79.8,63.06,Yes,250000.0
586,2024-08-08,46,Female,Chitwan,Student,Single,18201.0,19.8,12.2,657.0,0.0,13466.0,11.5,6.1,78.8,3.4,4,4,4.5,Medium,75.3,72.09,No,250000.0
428,2024-03-03,65,Female,Pokhara,Unemployed,Married,54346.0,36.8,12.4,622.0,31401.0,28120.0,1.8,6.4,75.7,4.4,7,5,0.7,High,67.6,50.87,No,250000.0
175,2023-06-24,46,Male,Pokhara,Student,Single,32740.0,16.5,9.8,614.0,12552.0,26419.0,6.9,9.3,84.0,2.7,7,4,5.4,High,81.9,81.47,No,250000.0
499,2024-05-13,26,Female,Butwal,Employed,Single,87794.0,3.3,12.9,643.0,19311.0,51042.0,5.5,7.0,100.0,5.5,7,4,2.0,Medium,62.2,69.32,No,250000.0
651,2024-10-12,53,Female,Bhaktapur,Student,Single,59438.0,23.1,18.5,803.0,8495.0,36054.0,9.4,7.7,79.5,7.4,3,2,0.9,Low,61.8,58.04,No,250000.0
939,2025-07-27,60,Non-binary,Pokhara,Employed,Married,89749.0,35.4,15.5,618.0,52168.0,41031.0,1.3,6.9,92.8,5.0,4,2,1.6,,30.3,50.46,Yes,250000.0
1000,2025-09-26,32,Female,Bhaktapur,Unemployed,Single,51549.0,13.3,12.2,774.0,0.0,21782.0,6.8,7.5,92.2,4.3,3,5,4.7,Medium,55.1,61.96,No,250000.0
456,2024-03-31,39,Female,Bhaktapur,Employed,Married,22942.0,19.5,14.3,651.0,453.0,31269.0,4.2,5.3,69.9,6.3,6,5,4.2,High,65.8,50.54,Yes,250000.0
742,2025-01-11,56,Male,Kathmandu,Employed,Single,57075.0,35.6,16.3,720.0,19860.0,57618.0,5.5,9.3,84.9,6.6,3,0,1.4,Medium,82.9,74.06,Yes,250000.0
94,2023-04-04,62,Male,Kathmandu,Employed,Married,77865.0,43.4,9.5,649.0,9838.0,96762.0,10.0,8.4,83.6,6.0,3,4,5.2,Medium,75.2,65.34,No,250000.0
544,2024-06-27,47,Female,Kathmandu,Employed,Married,43019.0,24.4,18.3,,28181.0,45416.0,17.1,9.5,79.4,6.5,7,4,1.4,Medium,76.0,109.35,Yes,250000.0
542,2024-06-25,53,Female,Kathmandu,Student,Single,55315.0,37.3,12.8,646.0,35748.0,72513.0,6.9,4.5,75.9,3.4,3,3,0.0,Medium,72.2,53.66,Yes,250000.0
312,2023-11-08,65,Female,Pokhara,Student,Married,36463.0,35.8,16.6,658.0,25616.0,7934.0,2.1,8.4,,5.7,1,0,1.5,Medium,49.1,49.91,No,250000.0
488,2024-05-02,59,Female,Pokhara,Employed,Single,53554.0,32.2,14.6,718.0,15195.0,19695.0,1.9,7.2,94.2,4.3,3,5,1.3,Medium,70.6,50.77,No,250000.0
561,2024-07-14,41,Male,Chitwan,Student,Married,75976.0,16.6,17.8,636.0,8214.0,32573.0,11.2,7.9,93.6,2.9,1,2,1.3,High,63.3,81.48,No,250000.0
878,2025-05-27,45,Female,Biratnagar,Employed,Divorced,56860.0,15.9,15.1,601.0,34490.0,26075.0,2.9,7.9,64.8,5.4,7,2,4.6,Medium,73.9,53.05,No,250000.0
918,2025-07-06,41,Female,Bhaktapur,Employed,Single,48943.0,22.7,16.2,641.0,37946.0,58193.0,8.0,5.7,80.3,3.7,2,4,2.5,Medium,41.5,51.57,No,250000.0
154,2023-06-03,44,Male,Chitwan,Self-employed,Married,39276.0,26.9,14.8,,7610.0,23425.0,8.5,6.6,90.5,5.0,7,2,3.0,Medium,72.2,74.56,Yes,250000.0
117,2023-04-27,34,Female,Lalitpur,Unemployed,Married,155730.0,17.3,14.5,591.0,37838.0,40741.0,2.8,6.9,86.4,6.2,5,5,3.5,Medium,54.3,52.76,Yes,250000.0
675,2024-11-05,33,Female,Butwal,Self-employed,Single,72808.0,16.2,12.2,630.0,29086.0,28488.0,6.8,7.5,90.2,8.7,0,2,5.1,Medium,46.4,55.44,No,250000.0
409,2024-02-13,20,Female,Chitwan,Employed,Divorced,60717.0,0.0,11.5,703.0,24432.0,26533.0,4.1,7.4,80.5,7.5,3,1,4.9,Medium,68.9,55.75,No,250000.0
469,2024-04-13,25,Female,Pokhara,Employed,Single,29297.0,0.0,12.7,783.0,6200.0,3606.0,4.8,7.4,83.9,5.9,7,2,0.0,High,63.8,68.65,No,250000.0
998,2025-09-24,52,Male,Biratnagar,Self-employed,Single,,23.1,11.2,713.0,18034.0,20543.0,1.0,7.3,78.6,5.5,2,8,4.3,Medium,64.8,45.08,No,250000.0
444,2024-03-19,63,Male,Biratnagar,Employed,Married,31915.0,38.7,11.0,578.0,13077.0,16618.0,11.8,6.5,92.8,6.4,6,5,3.2,High,79.0,83.59,No,250000.0
653,2024-10-14,58,Male,Chitwan,Employed,Single,16259.0,36.1,15.7,598.0,2107.0,20853.0,5.7,6.5,68.9,3.7,5,2,0.0,Medium,82.1,59.12,No,250000.0
856,2025-05-05,40,Male,Pokhara,Employed,Single,39638.0,18.5,9.7,,23517.0,26189.0,16.7,6.9,91.6,4.1,3,3,1.8,Medium,43.5,85.8,No,250000.0
24,2023-01-24,47,Male,Chitwan,Student,Single,31927.0,18.8,14.2,694.0,3061.0,25693.0,1.7,7.5,63.7,4.5,1,1,3.8,Medium,90.3,26.03,No,250000.0
31,2023-01-31,61,Female,Butwal,Student,Married,50956.0,40.1,15.6,850.0,32497.0,37503.0,7.0,7.1,82.0,7.8,3,1,0.3,High,43.2,56.41,No,250000.0
733,2025-01-02,20,Female,Butwal,Unemployed,Single,53564.0,0.0,15.3,602.0,19531.0,61763.0,2.3,6.1,98.5,2.8,1,0,2.1,High,75.7,58.51,No,250000.0
1,2023-01-01,56,Male,Chitwan,Employed,Married,69860.0,24.3,15.0,844.0,37133.0,83144.0,4.2,6.1,80.5,10.5,4,3,3.0,High,63.9,37.15,Yes,250000.0
436,2024-03-11,41,Female,Pokhara,Unemployed,Married,49949.0,9.2,14.2,573.0,14301.0,36028.0,4.5,6.5,77.2,1.0,0,1,2.8,High,63.3,51.64,Yes,250000.0
532,2024-06-15,63,Non-binary,Pokhara,Self-employed,Divorced,102604.0,31.7,13.9,722.0,57815.0,14140.0,2.4,6.8,86.9,9.3,3,1,2.0,High,70.9,50.69,No,250000.0
562,2024-07-15,33,Male,Pokhara,Self-employed,Single,220000.0,11.2,,610.0,15069.0,159323.0,,9.3,84.1,4.5,5,5,2.9,High,79.0,71.68,Yes,250000.0
116,2023-04-26,68,Male,Lalitpur,Self-employed,Single,65259.0,44.6,14.0,702.0,7175.0,63249.0,2.5,7.4,67.8,1.3,2,4,3.4,Medium,64.4,50.13,No,250000.0
509,2024-05-23,57,Female,Lalitpur,Unemployed,Divorced,78995.0,34.2,17.7,769.0,34623.0,25548.0,5.5,8.5,87.6,5.9,6,2,2.5,Medium,58.8,64.43,No,250000.0
33,2023-02-02,66,Male,Lalitpur,Student,Single,44723.0,42.9,10.4,698.0,13171.0,21089.0,2.8,6.8,66.2,6.2,5,4,4.6,High,80.0,45.17,Yes,250000.0
790,2025-02-28,25,Female,Butwal,Employed,Single,31841.0,4.4,15.1,717.0,5841.0,20937.0,1.6,8.2,100.0,4.5,3,4,3.5,Low,48.8,57.34,No,250000.0
684,2024-11-14,52,Male,Kathmandu,Self-employed,Single,66050.0,27.2,14.6,,9003.0,18390.0,2.0,6.9,78.2,9.1,6,3,5.8,Medium,55.5,42.7,No,250000.0
39,2023-02-08,64,Male,Kathmandu,Employed,Married,69775.0,41.4,17.3,,29512.0,33285.0,9.0,5.6,100.0,3.4,7,3,0.0,Medium,94.4,74.69,No,250000.0
25,2023-01-25,55,Male,Biratnagar,Employed,Single,56122.0,31.4,16.8,718.0,16010.0,53304.0,3.2,7.7,79.6,4.6,7,3,0.5,Low,84.8,59.22,No,250000.0
676,2024-11-06,56,Male,Pokhara,Employed,Married,13740.0,29.1,,625.0,2870.0,16697.0,6.2,6.5,69.0,8.7,7,6,1.3,Medium,81.8,52.41,No,250000.0
200,2023-07-19,44,Male,Lalitpur,Student,Married,75944.0,28.0,13.2,765.0,36940.0,68504.0,3.6,5.4,47.3,2.0,7,3,7.3,Medium,78.2,45.41,No,250000.0
206,2023-07-25,23,Male,Biratnagar,Employed,Married,48843.0,0.0,14.2,,17852.0,7062.0,8.7,5.0,95.2,10.8,6,1,4.9,Low,73.1,60.38,No,250000.0
922,2025-07-10,68,Male,Chitwan,Employed,Married,42655.0,45.0,10.8,697.0,1864.0,6190.0,3.0,8.4,73.4,5.9,5,5,0.9,Medium,79.8,46.99,No,250000.0
539,2024-06-22,65,Male,Kathmandu,Employed,Single,37050.0,41.0,13.3,710.0,6526.0,5937.0,2.2,8.3,80.0,8.5,6,2,5.9,Medium,36.9,40.32,No,250000.0
934,2025-07-22,51,Female,Biratnagar,Unemployed,Married,33389.0,25.5,15.2,644.0,14544.0,2236.0,4.0,7.1,77.3,4.7,2,6,0.2,Low,80.2,54.2,No,250000.0
259,2023-09-16,39,Male,Kathmandu,Employed,Married,33046.0,5.2,16.6,661.0,7730.0,36005.0,4.1,7.0,100.0,7.1,2,2,0.6,High,82.9,54.58,Yes,250000.0
788,2025-02-26,45,Female,Butwal,Student,Single,33646.0,20.6,11.0,733.0,5168.0,8567.0,11.9,8.5,76.7,3.1,2,4,3.0,Medium,76.1,71.22,Yes,250000.0
265,2023-09-22,23,Female,Lalitpur,Employed,Married,66557.0,0.0,10.4,819.0,24586.0,25132.0,2.9,5.0,79.7,5.7,5,2,5.2,High,33.2,42.9,No,250000.0
621,2024-09-12,52,Female,Kathmandu,Employed,Married,48848.0,27.1,14.7,741.0,8042.0,39671.0,5.8,6.6,76.2,3.1,0,4,2.7,Medium,68.5,51.89,Yes,250000.0
884,2025-06-02,20,Female,Kathmandu,Student,Single,13613.0,0.0,13.1,687.0,909.0,6756.0,2.5,6.9,92.5,5.5,2,0,4.3,High,71.2,50.43,No,250000.0
296,2023-10-23,33,Female,Lalitpur,Self-employed,Single,108564.0,11.0,12.4,845.0,23407.0,104560.0,3.2,7.2,63.3,8.4,4,2,3.7,Medium,74.7,37.35,No,250000.0
693,2024-11-23,27,Male,Biratnagar,Self-employed,Single,49667.0,0.0,12.2,728.0,11365.0,46545.0,17.2,7.1,82.8,2.3,1,3,1.7,Medium,76.6,88.57,No,250000.0
683,2024-11-13,22,Male,Kathmandu,Self-employed,Single,90442.0,0.1,14.9,629.0,27214.0,29486.0,4.6,7.2,78.1,3.8,2,3,3.5,,60.1,58.93,No,250000.0
106,2023-04-16,18,Male,Lalitpur,Self-employed,Single,107483.0,0.0,14.4,714.0,50541.0,13513.0,4.1,5.1,71.6,2.1,4,3,2.4,Medium,59.7,54.68,Yes,250000.0
72,2023-03-13,21,Female,Bhaktapur,Employed,Divorced,41561.0,0.0,,739.0,23482.0,29156.0,3.4,8.7,98.6,10.7,4,5,5.6,Medium,39.8,48.95,No,250000.0
235,2023-08-23,19,Female,Kathmandu,Employed,Single,49313.0,0.0,11.4,850.0,29712.0,45016.0,4.3,7.4,90.7,4.1,7,2,1.0,High,67.0,72.5,No,250000.0
348,2023-12-14,25,Male,Pokhara,Employed,Single,33158.0,0.0,,621.0,7836.0,1224.0,1.6,6.8,85.1,1.7,5,1,2.7,High,72.4,64.38,No,250000.0
691,2024-11-21,29,Female,Lalitpur,Employed,Single,109955.0,0.5,11.8,663.0,6358.0,28687.0,6.0,6.7,,6.9,6,4,5.6,High,51.5,50.44,Yes,250000.0
403,2024-02-07,50,Female,Butwal,Employed,Single,60931.0,27.6,12.7,710.0,,42008.0,3.7,8.5,83.7,3.7,5,4,3.2,Low,49.2,73.54,Yes,250000.0
842,2025-04-21,58,Male,Biratnagar,Unemployed,Single,75124.0,25.2,13.5,700.0,44623.0,55181.0,0.4,6.8,67.6,8.4,2,2,1.5,Medium,79.0,29.24,No,250000.0
521,2024-06-04,33,Female,Lalitpur,Self-employed,Married,55215.0,3.6,14.1,777.0,17111.0,12597.0,15.8,8.3,91.5,2.7,7,2,2.8,Medium,43.5,96.85,No,250000.0
510,2024-05-24,62,Non-binary,Biratnagar,Employed,Single,47325.0,43.2,18.2,819.0,16017.0,49284.0,7.1,7.9,78.2,4.7,7,2,0.0,High,65.4,69.51,Yes,250000.0
667,2024-10-28,52,Male,Pokhara,Employed,Single,37747.0,35.4,16.6,679.0,21463.0,30521.0,6.4,8.3,76.3,8.3,2,3,2.3,Medium,63.0,46.92,Yes,250000.0
50,2023-02-19,35,Male,Butwal,Unemployed,Married,28747.0,14.6,12.1,678.0,14281.0,26869.0,,6.3,85.7,7.1,5,3,4.0,High,91.4,62.13,No,250000.0
387,2024-01-22,23,Male,Biratnagar,Employed,Single,42895.0,0.0,15.1,525.0,11915.0,0.0,8.1,6.2,52.1,4.9,6,6,4.4,,62.4,67.46,No,250000.0
303,2023-10-30,65,Male,Pokhara,Employed,Single,27908.0,38.2,14.8,698.0,23610.0,13491.0,9.6,9.0,76.6,7.0,1,2,1.6,Medium,58.5,63.89,Yes,250000.0
180,2023-06-29,68,Male,Biratnagar,Employed,Married,37539.0,45.0,13.9,680.0,11835.0,23121.0,8.2,4.1,74.8,8.5,3,4,6.6,High,72.2,45.41,No,250000.0
202,2023-07-21,30,Female,Butwal,Student,Married,13610.0,2.7,13.2,624.0,4620.0,3194.0,5.0,8.1,87.7,11.4,6,3,3.0,Medium,78.9,55.15,No,250000.0
908,2025-06-26,51,Non-binary,Lalitpur,Employed,Married,22774.0,28.6,,669.0,4724.0,0.0,8.3,6.1,76.8,6.9,7,1,7.2,Medium,59.3,67.65,No,250000.0
789,2025-02-27,70,Female,Kathmandu,Self-employed,Married,15387.0,45.0,12.4,719.0,4238.0,19813.0,1.8,5.1,64.0,5.9,7,4,0.0,Medium,61.7,38.59,Yes,250000.0
232,2023-08-20,34,Female,Bhaktapur,Employed,Single,89575.0,18.1,13.3,636.0,47429.0,55774.0,2.5,7.7,63.8,9.5,0,1,3.5,Medium,66.7,24.47,Yes,250000.0
451,2024-03-26,45,Male,Biratnagar,Unemployed,Married,17617.0,15.4,14.4,614.0,16163.0,11455.0,7.0,7.7,88.7,7.3,3,2,6.5,Medium,53.6,66.6,Yes,250000.0
917,2025-07-05,50,Male,Bhaktapur,Employed,Married,42882.0,28.6,14.3,691.0,19789.0,31406.0,4.7,6.4,63.5,4.3,0,1,3.1,Medium,68.2,48.15,No,250000.0
803,2025-03-13,26,Male,Pokhara,Employed,Married,31497.0,5.8,12.5,640.0,5068.0,29644.0,4.9,7.5,78.5,10.5,7,2,1.9,,69.1,69.07,No,250000.0
808,2025-03-18,45,Male,Lalitpur,Unemployed,Married,78079.0,23.9,14.0,734.0,3834.0,83851.0,9.6,7.2,,9.1,1,3,3.1,Medium,77.0,60.06,No,250000.0
826,2025-04-05,50,Non-binary,Biratnagar,Employed,Married,12743.0,20.3,11.3,770.0,6045.0,16886.0,1.0,5.8,76.4,5.3,3,0,1.7,,74.2,36.86,No,250000.0
872,2025-05-21,21,Non-binary,Chitwan,Employed,Single,94464.0,0.0,14.4,679.0,59992.0,27280.0,5.0,6.8,83.3,2.9,1,3,3.4,Medium,66.6,51.4,No,250000.0
298,2023-10-25,65,Male,Lalitpur,Student,Divorced,43163.0,45.0,9.9,,8417.0,30065.0,2.7,8.4,76.2,4.7,3,3,3.5,Medium,74.2,54.11,Yes,250000.0
698,2024-11-28,63,Female,Bhaktapur,Self-employed,Married,55461.0,41.7,13.1,663.0,2659.0,35161.0,2.6,8.1,92.1,5.8,2,4,1.1,Medium,45.2,48.13,Yes,250000.0
661,2024-10-22,69,Female,Pokhara,Employed,Single,53143.0,45.0,13.6,788.0,25767.0,22764.0,6.6,5.6,60.0,7.8,1,6,3.2,Medium,64.3,39.6,No,250000.0
126,2023-05-06,45,Male,Biratnagar,Employed,Married,106574.0,26.6,15.2,529.0,22446.0,78785.0,5.8,5.1,81.2,3.9,6,6,3.2,Medium,75.0,62.23,Yes,250000.0
740,2025-01-09,25,Female,Kathmandu,Unemployed,Divorced,61562.0,5.3,15.8,698.0,34722.0,26659.0,18.0,6.8,100.0,4.6,3,3,5.3,Low,42.3,90.28,No,250000.0
552,2024-07-05,48,Male,Chitwan,Student,Married,20699.0,28.2,14.1,711.0,19776.0,10631.0,3.9,5.7,64.7,6.3,5,4,2.0,Medium,87.9,45.51,No,250000.0
885,2025-06-03,67,Female,Chitwan,Employed,Single,21809.0,45.0,,645.0,9068.0,11810.0,6.3,6.0,88.5,5.9,3,4,2.8,Medium,90.4,56.87,Yes,250000.0
21,2023-01-21,19,Male,Kathmandu,Employed,Single,94195.0,0.0,11.0,706.0,32283.0,93838.0,6.1,8.6,72.2,9.2,3,3,1.8,Medium,79.0,46.59,No,250000.0
833,2025-04-12,38,Male,Butwal,Employed,Married,33322.0,14.5,15.0,850.0,22720.0,31279.0,10.0,6.5,100.0,6.4,2,5,2.2,High,65.0,70.48,No,250000.0
894,2025-06-12,64,Female,Kathmandu,Employed,Single,,40.7,15.8,720.0,19562.0,44941.0,6.8,6.5,89.7,6.5,2,3,4.5,High,74.5,51.8,Yes,250000.0
278,2023-10-05,69,Female,Bhaktapur,Self-employed,Single,57079.0,45.0,13.9,681.0,36538.0,65375.0,3.6,7.1,65.5,6.7,1,2,4.4,High,65.2,46.16,Yes,250000.0
737,2025-01-06,45,Female,Chitwan,Student,Single,65868.0,26.3,16.8,572.0,22565.0,66495.0,8.9,6.0,76.6,8.3,6,1,1.1,,52.9,61.46,No,250000.0
257,2023-09-14,51,Female,Lalitpur,Self-employed,Single,43325.0,25.1,16.0,616.0,19886.0,11408.0,13.4,7.3,99.4,1.0,3,5,4.9,Medium,74.2,84.22,Yes,250000.0
399,2024-02-03,69,Female,Pokhara,Employed,Married,27340.0,44.2,12.9,527.0,12338.0,16618.0,3.6,6.9,66.2,4.0,0,4,4.4,Medium,56.5,43.49,Yes,250000.0
993,2025-09-19,43,Female,Pokhara,Employed,Married,28059.0,17.0,13.1,811.0,9382.0,24211.0,8.8,7.0,76.1,5.6,1,5,0.6,High,87.2,67.61,No,250000.0
212,2023-07-31,68,Female,Biratnagar,Employed,Married,63404.0,43.4,12.5,542.0,11579.0,18312.0,15.1,3.8,,3.7,5,2,2.2,High,75.3,88.21,No,250000.0
658,2024-10-19,45,Male,Lalitpur,Employed,Single,36147.0,18.8,13.1,617.0,2103.0,16576.0,12.0,7.0,66.9,3.9,3,2,3.5,Medium,70.5,71.78,No,250000.0
90,2023-03-31,40,Female,Chitwan,Employed,Married,70093.0,8.8,14.3,737.0,24546.0,38585.0,6.7,5.3,82.1,5.5,1,3,3.0,High,37.1,51.76,No,250000.0
405,2024-02-09,35,Female,Biratnagar,Unemployed,Single,46084.0,15.9,14.2,697.0,15562.0,7893.0,1.4,7.8,53.0,3.3,7,2,1.2,Medium,69.4,48.12,No,250000.0
192,2023-07-11,37,Female,Butwal,Employed,Single,12000.0,14.7,12.7,703.0,3596.0,0.0,4.7,6.7,55.4,8.4,0,2,4.1,High,49.0,37.24,No,250000.0
956,2025-08-13,49,Female,Bhaktapur,Employed,Single,,18.6,10.9,593.0,19921.0,36963.0,6.3,5.1,73.0,3.8,4,3,2.2,Medium,64.7,51.6,Yes,250000.0
762,2025-01-31,54,Female,Pokhara,Self-employed,Divorced,15194.0,30.8,9.3,707.0,0.0,9417.0,3.4,8.1,70.1,5.3,6,3,0.9,Medium,83.3,62.57,No,250000.0
851,2025-04-30,48,Female,Chitwan,Employed,Single,64605.0,31.0,11.3,575.0,28173.0,56360.0,3.4,8.0,100.0,4.9,1,4,1.9,Medium,80.3,62.69,No,250000.0
475,2024-04-19,21,Female,Pokhara,Student,Married,23058.0,4.7,14.6,706.0,8263.0,0.0,3.3,6.1,69.7,6.0,3,2,0.0,Medium,70.6,37.08,No,250000.0
873,2025-05-22,18,Female,Chitwan,Employed,Single,30069.0,0.0,12.5,675.0,250.0,6447.0,1.4,6.4,68.6,4.0,6,1,2.3,Medium,61.2,53.3,No,250000.0
736,2025-01-05,67,Female,Bhaktapur,Employed,Married,25143.0,43.4,14.6,609.0,5522.0,1847.0,7.4,4.9,83.5,5.3,2,2,0.4,Medium,61.3,48.53,No,250000.0
28,2023-01-28,50,Male,Chitwan,Unemployed,Single,134161.0,22.2,14.4,601.0,71414.0,150980.0,5.0,6.8,93.4,4.4,7,5,2.0,Medium,55.7,77.53,No,250000.0
224,2023-08-12,69,Male,Pokhara,Student,Married,67901.0,45.0,12.3,717.0,29421.0,47763.0,2.8,7.0,78.1,1.4,3,6,1.0,Medium,73.0,51.56,Yes,250000.0
217,2023-08-05,49,Male,Lalitpur,Employed,Married,51095.0,20.3,13.8,754.0,8738.0,25883.0,4.3,6.4,86.8,6.3,6,2,3.8,High,56.9,54.49,Yes,250000.0
249,2023-09-06,49,Male,Bhaktapur,Employed,Single,52994.0,33.4,14.4,698.0,22459.0,36423.0,3.3,6.6,72.7,4.2,3,3,4.2,Medium,68.9,44.56,Yes,250000.0
190,2023-07-09,61,Male,Bhaktapur,Employed,Married,131501.0,36.2,9.3,803.0,73597.0,139438.0,4.6,7.1,100.0,4.0,3,3,0.4,Low,66.3,59.54,Yes,250000.0
669,2024-10-30,42,Male,Butwal,Employed,Married,77126.0,14.1,11.0,646.0,36501.0,72200.0,1.5,7.6,100.0,10.4,4,6,3.8,Medium,67.9,49.67,Yes,250000.0
392,2024-01-27,46,Male,Lalitpur,Employed,Single,83578.0,22.4,16.7,757.0,4614.0,79057.0,4.5,6.7,64.6,11.0,4,2,1.3,Medium,65.7,37.48,No,250000.0
71,2023-03-12,57,Male,Bhaktapur,Employed,Single,65552.0,41.1,13.1,541.0,10270.0,82274.0,14.7,6.3,91.7,4.2,4,1,0.3,Medium,53.0,83.09,No,250000.0
655,2024-10-16,29,Male,Butwal,Employed,Married,54326.0,0.2,12.3,654.0,8544.0,0.0,11.0,5.6,72.4,1.0,7,3,1.9,High,83.0,80.36,No,250000.0
534,2024-06-17,22,Male,Bhaktapur,Employed,Married,34935.0,0.0,12.9,560.0,,14419.0,4.1,6.2,60.7,7.1,5,2,4.5,High,64.1,37.83,No,250000.0
986,2025-09-12,64,Male,Pokhara,Employed,Single,30919.0,37.3,11.1,772.0,14697.0,39665.0,9.9,8.9,92.9,2.5,0,0,1.8,Medium,75.9,75.92,No,250000.0
695,2024-11-25,34,Non-binary,Kathmandu,Employed,Married,38777.0,12.9,14.6,576.0,20034.0,45180.0,8.0,7.4,61.1,4.8,4,4,0.0,Medium,41.2,56.51,No,250000.0
714,2024-12-14,18,Non-binary,Biratnagar,Employed,Single,46591.0,0.0,11.2,668.0,15440.0,0.0,1.9,8.4,90.9,8.7,1,2,4.1,Medium,73.5,42.73,Yes,250000.0
220,2023-08-08,58,Female,Chitwan,Employed,Single,58171.0,33.8,15.3,668.0,15972.0,36655.0,2.0,7.0,79.2,4.5,3,2,2.0,Medium,61.9,48.88,No,250000.0
234,2023-08-22,19,Male,Lalitpur,Student,Single,58351.0,0.0,16.9,707.0,303.0,29520.0,4.1,6.6,89.3,7.2,1,3,0.0,High,80.6,46.03,No,250000.0
415,2024-02-19,64,Male,Bhaktapur,Unemployed,Single,31685.0,32.4,12.8,641.0,,26024.0,7.3,5.5,98.3,7.5,3,1,4.7,Medium,83.9,61.4,No,250000.0
289,2023-10-16,67,Female,Kathmandu,Employed,Single,55295.0,42.3,14.0,,11586.0,37152.0,13.6,6.0,94.6,7.5,4,0,4.4,High,66.4,81.43,Yes,250000.0
840,2025-04-19,50,Female,Biratnagar,Employed,Single,18689.0,27.3,13.1,650.0,0.0,6932.0,2.9,6.5,89.9,7.2,4,2,4.5,Medium,46.4,46.24,No,250000.0
709,2024-12-09,55,Female,Bhaktapur,Employed,Single,28524.0,22.5,13.2,791.0,6368.0,23462.0,2.0,6.5,99.6,10.3,5,2,5.2,Medium,72.7,45.88,Yes,250000.0
367,2024-01-02,51,Male,Pokhara,Self-employed,Single,51449.0,30.3,16.5,692.0,35429.0,20604.0,1.5,7.5,90.8,6.6,2,6,0.8,High,81.1,43.08,Yes,250000.0
515,2024-05-29,22,Female,Kathmandu,Employed,Single,47590.0,0.0,13.1,744.0,,20171.0,7.2,6.2,97.7,7.3,0,1,3.6,Medium,69.4,48.9,No,250000.0
815,2025-03-25,35,Female,Chitwan,Employed,Married,46511.0,5.9,11.9,591.0,24241.0,12967.0,3.7,9.3,98.2,6.5,2,1,4.5,High,90.3,57.89,No,250000.0
643,2024-10-04,66,Female,Kathmandu,Employed,Married,43740.0,45.0,16.8,679.0,15766.0,46253.0,5.5,6.1,72.2,7.5,6,3,2.2,Low,75.3,47.77,Yes,250000.0
835,2025-04-14,42,Female,Biratnagar,Employed,Single,66581.0,18.7,14.7,735.0,36256.0,51176.0,4.6,7.6,95.2,6.7,2,1,4.1,Medium,84.0,52.26,Yes,250000.0
565,2024-07-18,45,Female,Pokhara,Employed,Married,106639.0,16.3,12.2,649.0,22231.0,31288.0,6.1,4.6,100.0,7.5,6,3,4.0,High,76.3,65.2,Yes,250000.0
645,2024-10-06,65,Male,Chitwan,Employed,Single,49786.0,44.2,11.9,659.0,16726.0,69838.0,7.2,9.0,98.1,5.9,1,4,3.5,Medium,68.4,62.37,No,250000.0
607,2024-08-29,21,Female,Biratnagar,Unemployed,Married,29921.0,2.0,13.8,640.0,2017.0,732.0,2.8,7.7,66.5,8.3,3,1,2.9,High,85.1,36.44,No,250000.0
334,2023-11-30,63,Female,Kathmandu,Employed,Divorced,15787.0,45.0,17.3,695.0,9954.0,6303.0,3.3,6.6,73.4,4.7,7,3,4.5,Medium,84.8,54.12,No,250000.0
707,2024-12-07,46,Male,Pokhara,Employed,Single,46453.0,28.5,14.4,698.0,2879.0,33679.0,3.7,7.4,76.5,7.6,1,4,2.6,High,76.4,45.41,Yes,250000.0
105,2023-04-15,62,Male,Pokhara,Unemployed,Married,58582.0,42.6,12.8,790.0,26121.0,71965.0,1.7,7.6,51.9,8.5,7,3,2.0,High,63.5,47.03,No,250000.0
129,2023-05-09,25,Male,Bhaktapur,Student,Single,17867.0,0.0,16.6,728.0,0.0,9792.0,6.0,7.0,75.0,4.8,3,5,0.7,Medium,77.8,46.66,No,250000.0
776,2025-02-14,20,Female,Lalitpur,Student,Married,141264.0,1.0,16.4,643.0,24477.0,92215.0,4.7,7.4,87.8,9.6,0,4,2.8,Low,43.3,43.77,Yes,250000.0
564,2024-07-17,66,Male,Pokhara,Employed,Married,46937.0,45.0,15.0,612.0,13438.0,55961.0,4.0,8.1,77.0,5.2,2,1,3.9,Medium,78.0,60.69,No,250000.0
987,2025-09-13,39,Female,Pokhara,Self-employed,Married,23308.0,7.1,13.2,754.0,3908.0,18391.0,4.2,7.5,76.5,2.5,5,5,3.6,Medium,61.5,56.77,No,250000.0
242,2023-08-30,36,Female,Biratnagar,Student,Married,47224.0,2.9,12.6,498.0,15773.0,52088.0,1.9,8.4,66.5,5.0,4,2,2.1,Low,91.7,42.71,No,250000.0
752,2025-01-21,23,Female,Kathmandu,Self-employed,Single,31595.0,2.1,12.2,723.0,8170.0,20009.0,4.2,7.1,87.7,7.8,3,2,1.0,High,61.6,48.48,No,250000.0
7,2023-01-07,38,Male,Kathmandu,Self-employed,Married,56080.0,21.2,16.5,764.0,33408.0,9376.0,2.5,7.3,75.8,6.5,3,3,5.3,Low,40.7,42.82,Yes,250000.0
663,2024-10-24,64,Female,Butwal,Unemployed,Married,73882.0,45.0,15.5,684.0,26970.0,45349.0,6.6,8.8,72.2,4.7,5,1,1.1,High,66.2,61.6,No,250000.0
404,2024-02-08,20,Female,Pokhara,Employed,Married,45973.0,0.8,13.6,734.0,6160.0,19654.0,7.1,6.7,83.3,3.7,5,3,5.8,High,63.2,65.71,Yes,250000.0
829,2025-04-08,49,Male,Pokhara,Self-employed,Married,119400.0,27.6,13.7,701.0,58667.0,56298.0,5.3,8.8,91.5,5.1,2,1,2.7,High,76.9,63.6,Yes,250000.0
550,2024-07-03,51,Male,Chitwan,Employed,Married,29633.0,35.9,12.6,579.0,1489.0,4101.0,2.4,8.3,88.1,5.1,6,4,1.3,Medium,72.3,56.01,No,250000.0
670,2024-10-31,69,Male,Kathmandu,Employed,Single,21596.0,45.0,14.8,809.0,,12935.0,6.3,8.3,92.6,4.8,6,3,7.6,High,71.7,61.92,Yes,250000.0
671,2024-11-01,38,Male,Butwal,Employed,Married,82827.0,20.3,9.6,613.0,28542.0,9949.0,10.6,7.4,84.8,5.4,4,3,3.3,Medium,100.0,74.54,No,250000.0
62,2023-03-03,24,Female,Kathmandu,Employed,Divorced,134002.0,0.0,10.9,,71801.0,131474.0,7.9,6.8,84.7,1.1,5,3,3.2,Low,69.9,64.44,No,250000.0
527,2024-06-10,45,Male,Kathmandu,Employed,Married,144074.0,21.0,16.5,575.0,36417.0,80943.0,3.7,7.4,83.0,10.1,5,5,2.6,High,76.6,49.92,No,250000.0
446,2024-03-21,31,Female,Chitwan,Employed,Single,77012.0,9.0,17.3,,4251.0,49432.0,3.2,6.2,67.3,8.7,0,2,3.3,Medium,69.8,33.46,Yes,250000.0
63,2023-03-04,61,Female,Kathmandu,Self-employed,Single,63517.0,37.5,12.7,674.0,17042.0,23655.0,9.5,7.2,80.9,5.2,1,3,6.0,Medium,58.7,63.44,Yes,250000.0
38,2023-02-07,32,Female,Kathmandu,Student,Single,12856.0,10.3,19.3,622.0,0.0,6859.0,4.8,7.5,71.6,4.7,4,2,1.9,High,65.0,60.34,Yes,250000.0
841,2025-04-20,51,Female,Pokhara,Employed,Married,33877.0,29.8,14.6,671.0,11109.0,4101.0,4.8,7.4,98.8,8.7,0,2,2.8,Medium,77.5,46.51,No,250000.0
641,2024-10-02,47,Male,Bhaktapur,Unemployed,Single,70072.0,23.9,19.1,721.0,22633.0,43590.0,3.5,6.0,73.2,4.7,5,6,5.5,Medium,43.0,52.92,No,250000.0
626,2024-09-17,35,Female,Kathmandu,Self-employed,Married,,15.0,12.6,817.0,45480.0,878.0,5.7,6.3,78.7,9.1,5,4,2.3,Medium,71.7,56.02,No,250000.0
713,2024-12-13,62,Male,Bhaktapur,Unemployed,Married,25139.0,38.4,16.6,734.0,9770.0,7062.0,,9.1,86.1,10.0,3,8,0.9,Medium,76.0,61.28,No,250000.0
166,2023-06-15,49,Female,Lalitpur,Employed,Married,74062.0,21.0,12.3,538.0,23280.0,57794.0,2.8,5.2,68.3,5.2,0,4,3.7,Low,51.1,33.72,No,250000.0
619,2024-09-10,26,Non-binary,Biratnagar,Student,Married,37704.0,6.1,13.3,635.0,0.0,33828.0,4.7,8.5,81.6,8.8,4,2,2.6,Medium,71.1,54.29,No,250000.0
735,2025-01-04,30,Female,Butwal,Employed,Married,28083.0,12.4,19.5,620.0,0.0,4912.0,2.9,8.1,74.0,8.2,5,0,1.5,High,100.0,63.19,No,250000.0
897,2025-06-15,54,Female,Lalitpur,Student,Married,75267.0,31.2,13.7,638.0,15183.0,54553.0,2.0,6.4,72.5,5.6,0,1,4.7,Medium,73.4,34.36,No,250000.0
551,2024-07-04,69,Female,Chitwan,Unemployed,Single,35870.0,42.0,14.1,561.0,11595.0,18130.0,6.7,6.9,52.3,6.0,4,0,3.1,Medium,72.3,46.13,Yes,250000.0
787,2025-02-25,41,Female,Pokhara,Unemployed,Married,41585.0,15.7,13.2,578.0,4246.0,44450.0,6.2,7.1,76.7,5.9,4,1,3.7,Medium,76.7,55.01,No,250000.0
401,2024-02-05,49,Male,Chitwan,Employed,Married,39534.0,23.1,14.9,661.0,20059.0,37868.0,7.3,7.8,74.6,4.0,3,3,0.4,Low,66.6,54.67,No,250000.0
888,2025-06-06,61,Male,Kathmandu,Self-employed,Married,42549.0,33.5,13.3,,15577.0,20133.0,3.9,7.2,64.8,10.7,4,0,3.8,High,86.6,40.48,No,250000.0
603,2024-08-25,51,Male,Butwal,Employed,Married,41131.0,19.4,10.0,674.0,24615.0,15248.0,3.1,6.4,59.4,8.7,3,6,4.8,Medium,71.8,33.32,No,250000.0
13,2023-01-13,41,Male,Kathmandu,Employed,Single,52888.0,20.7,16.7,,37146.0,20049.0,5.1,7.1,67.5,1.4,7,3,6.2,Medium,76.2,66.03,No,250000.0
935,2025-07-23,23,Female,Bhaktapur,Self-employed,Married,29478.0,0.4,9.2,622.0,16160.0,22559.0,11.0,7.3,79.7,7.9,6,1,2.2,High,74.9,73.13,No,250000.0
705,2024-12-05,19,Male,Pokhara,Employed,Single,138894.0,0.0,,656.0,46654.0,51285.0,4.0,7.1,71.8,4.2,7,6,2.6,High,72.7,63.59,Yes,250000.0
440,2024-03-15,62,Female,Kathmandu,Employed,Divorced,,34.2,12.2,741.0,7828.0,21601.0,,6.0,89.3,9.2,6,5,3.9,Low,69.8,48.51,No,250000.0
287,2023-10-14,45,Female,Lalitpur,Student,Married,52595.0,14.8,14.4,789.0,,2411.0,,6.5,76.7,8.3,6,5,5.1,Medium,93.5,62.71,Yes,250000.0
145,2023-05-25,54,Male,Chitwan,Employed,Single,60487.0,29.0,16.3,,30020.0,61850.0,6.9,4.9,57.9,4.7,6,4,4.4,Medium,70.1,53.99,No,250000.0
723,2024-12-23,23,Female,Kathmandu,Student,Single,58499.0,0.0,13.9,742.0,14391.0,46284.0,10.4,5.2,97.8,6.9,3,0,5.3,High,88.3,70.91,No,250000.0
594,2024-08-16,52,Male,Pokhara,Employed,Single,104831.0,33.3,14.7,724.0,31139.0,63451.0,4.6,8.5,75.5,6.9,4,0,3.0,Medium,59.9,55.47,Yes,250000.0
414,2024-02-18,49,Male,Bhaktapur,Self-employed,Single,46602.0,24.6,18.3,837.0,18692.0,16574.0,15.5,6.8,79.6,3.5,7,3,5.5,High,51.2,83.76,No,250000.0
927,2025-07-15,27,Male,Biratnagar,Self-employed,Single,44261.0,0.9,10.6,629.0,6121.0,16833.0,4.2,7.1,100.0,4.6,3,1,4.8,Low,92.1,56.02,Yes,250000.0
734,2025-01-03,62,Male,Butwal,Employed,Married,103232.0,43.9,12.1,730.0,46875.0,6896.0,4.0,6.5,72.9,2.9,6,4,5.0,Low,65.7,58.26,Yes,250000.0
478,2024-04-22,49,Non-binary,Butwal,Self-employed,Single,23430.0,24.0,16.4,644.0,0.0,18083.0,5.8,6.2,59.0,2.6,3,5,4.6,Medium,77.7,48.73,Yes,250000.0
711,2024-12-11,25,Male,Kathmandu,Student,Single,30338.0,0.0,14.8,,4520.0,0.0,6.8,7.0,82.0,5.4,7,2,1.6,,98.2,64.31,No,250000.0
802,2025-03-12,34,Male,Lalitpur,Self-employed,Single,69462.0,12.5,13.0,649.0,10280.0,74109.0,4.0,8.8,73.8,2.4,3,3,5.2,Medium,63.8,59.28,No,250000.0
26,2023-01-26,19,Female,Pokhara,Employed,Single,,0.0,12.1,789.0,28509.0,0.0,5.7,7.0,83.5,2.9,0,1,4.0,Medium,67.7,47.02,Yes,250000.0
590,2024-08-12,63,Female,Lalitpur,Employed,Divorced,30392.0,33.2,17.2,826.0,3587.0,1876.0,3.5,7.6,78.4,4.7,1,2,3.5,Medium,48.0,51.66,Yes,250000.0
82,2023-03-23,27,Male,Bhaktapur,Employed,Married,22121.0,8.5,11.8,467.0,8685.0,0.0,4.7,8.1,94.1,9.0,0,5,4.3,Medium,72.6,55.22,No,250000.0
362,2023-12-28,62,Female,Kathmandu,Employed,Married,27686.0,39.5,11.8,709.0,17401.0,5933.0,9.9,6.6,82.9,3.5,2,3,1.0,High,80.6,64.92,No,250000.0
134,2023-05-14,40,Female,Bhaktapur,Employed,Married,26885.0,8.3,14.7,663.0,3643.0,22530.0,2.6,6.8,71.0,4.7,2,3,4.3,High,57.3,40.38,No,250000.0
2,2023-01-02,69,Male,Biratnagar,Employed,Married,46741.0,45.0,17.3,723.0,17387.0,52419.0,5.5,5.4,69.0,10.3,2,2,2.5,Low,71.3,43.7,Yes,250000.0
749,2025-01-18,50,Male,Bhaktapur,Employed,Married,33300.0,24.2,16.3,606.0,16997.0,17434.0,11.5,4.7,97.3,5.3,4,4,2.3,High,91.1,67.4,No,250000.0
20,2023-01-20,70,Male,Butwal,Employed,Married,14094.0,35.2,13.8,597.0,8714.0,18490.0,6.6,7.4,92.1,6.1,2,4,1.5,Medium,72.7,67.09,No,250000.0
30,2023-01-30,39,Non-binary,Biratnagar,Employed,Single,24093.0,8.9,16.8,803.0,666.0,25465.0,15.3,6.6,70.9,7.7,0,3,2.8,High,67.1,60.11,No,250000.0
335,2023-12-01,35,Male,Butwal,Employed,Married,49558.0,9.4,13.3,646.0,16952.0,26432.0,3.7,7.0,72.2,6.4,2,1,4.9,High,51.5,42.84,No,250000.0
502,2024-05-16,18,Female,Chitwan,Employed,Single,71663.0,0.0,12.8,702.0,12471.0,47405.0,7.0,8.3,70.5,5.0,3,1,2.0,Medium,52.1,56.87,Yes,250000.0
972,2025-08-29,18,Female,Biratnagar,Employed,Married,36913.0,0.0,10.5,786.0,29010.0,27085.0,3.9,5.1,98.0,6.2,5,5,5.4,,60.0,51.68,No,250000.0
584,2024-08-06,60,Male,Butwal,Unemployed,Single,41676.0,37.1,17.5,632.0,16200.0,31824.0,,8.6,72.6,6.5,0,2,1.5,Medium,77.4,56.35,Yes,250000.0
351,2023-12-17,34,Female,Biratnagar,Self-employed,Married,28886.0,7.8,14.5,607.0,16710.0,25889.0,3.9,7.8,86.9,8.1,6,2,4.1,High,72.5,64.14,No,250000.0
84,2023-03-25,31,Female,Kathmandu,Employed,Married,62874.0,10.3,15.0,752.0,31089.0,14583.0,15.3,4.9,75.1,4.2,2,3,3.7,Medium,62.0,79.77,Yes,250000.0
496,2024-05-10,43,Female,Lalitpur,Self-employed,Married,23543.0,13.3,12.2,687.0,12429.0,24746.0,6.2,6.1,98.6,4.8,5,5,4.7,,72.6,65.43,No,250000.0
331,2023-11-27,42,Female,Lalitpur,Student,Married,12000.0,21.6,9.3,767.0,5267.0,5792.0,11.3,6.5,87.6,5.1,4,3,3.7,Medium,74.8,74.87,No,250000.0
54,2023-02-23,67,Female,Kathmandu,Self-employed,Single,48562.0,45.0,11.1,724.0,24826.0,5740.0,5.6,6.3,67.6,2.0,3,2,4.7,High,77.9,54.29,No,250000.0
95,2023-04-05,35,Male,Kathmandu,Unemployed,Married,65655.0,14.0,16.5,733.0,33407.0,27934.0,1.8,7.0,66.2,5.8,0,1,2.5,High,55.8,38.99,No,250000.0
174,2023-06-23,60,Female,Butwal,Self-employed,Divorced,83761.0,32.6,15.6,598.0,15830.0,48753.0,10.1,7.4,73.1,3.7,1,4,3.5,High,66.0,67.62,Yes,250000.0
437,2024-03-12,30,Male,Biratnagar,Student,Single,86416.0,5.7,15.9,691.0,15499.0,84113.0,2.2,4.8,68.5,3.1,1,1,1.1,Medium,78.1,28.51,Yes,250000.0
489,2024-05-03,47,Male,Lalitpur,Employed,Single,57468.0,31.2,14.3,578.0,10911.0,30085.0,8.0,7.2,81.0,2.8,1,2,0.6,High,62.3,68.82,No,250000.0
571,2024-07-24,67,Female,Butwal,Student,Single,31087.0,42.1,11.9,717.0,17573.0,22534.0,4.2,8.3,96.7,6.2,0,5,5.6,Medium,79.5,58.09,No,250000.0
860,2025-05-09,27,Female,Chitwan,Employed,Single,52444.0,2.1,14.9,536.0,15499.0,50970.0,4.1,8.4,83.8,7.0,1,7,0.9,Medium,75.6,51.11,No,250000.0
924,2025-07-12,22,Male,Kathmandu,Employed,Married,38668.0,0.3,16.6,604.0,0.0,6490.0,4.4,5.3,77.1,7.1,2,3,3.4,Medium,73.9,52.03,No,250000.0
899,2025-06-17,31,Female,Lalitpur,Student,Married,23330.0,0.4,12.8,483.0,2451.0,16653.0,1.0,7.0,80.1,4.4,0,2,1.2,Medium,56.8,40.11,Yes,250000.0
467,2024-04-11,54,Male,Chitwan,Self-employed,Married,85335.0,30.2,11.2,654.0,53103.0,21654.0,18.0,6.9,69.2,1.0,5,1,3.0,Medium,32.2,86.25,No,250000.0
949,2025-08-06,33,Male,Pokhara,Employed,Single,76392.0,12.9,12.8,651.0,0.0,71022.0,5.5,5.6,82.6,7.8,5,5,3.3,Medium,73.4,61.77,No,250000.0
859,2025-05-08,54,Female,Biratnagar,Unemployed,Single,21639.0,24.6,11.8,737.0,4534.0,17262.0,6.3,7.1,84.5,7.0,4,4,3.1,High,68.2,60.15,No,250000.0
424,2024-02-28,57,Female,Kathmandu,Employed,Married,61099.0,35.3,11.7,728.0,25378.0,48654.0,1.8,8.6,62.3,3.8,3,3,1.2,Medium,50.2,45.14,No,250000.0
803,2025-03-13,26,Male,Pokhara,Employed,Married,31497.0,5.8,12.5,640.0,5068.0,29644.0,4.9,7.5,78.5,10.5,7,2,1.9,,69.1,69.07,No,250000.0
150,2023-05-30,22,Female,Butwal,Self-employed,Single,31815.0,0.0,15.9,622.0,17805.0,39329.0,13.8,5.2,80.4,2.1,2,3,4.1,Medium,57.1,78.8,No,250000.0
517,2024-05-31,46,Female,Pokhara,Student,Married,50525.0,30.0,13.0,688.0,12447.0,27365.0,2.0,7.6,87.7,4.0,4,3,4.0,Medium,88.3,58.51,Yes,250000.0
219,2023-08-07,41,Non-binary,Bhaktapur,Student,Married,65728.0,19.0,11.9,564.0,8992.0,43214.0,17.2,5.7,99.4,1.2,4,3,1.1,High,70.7,86.6,No,250000.0
970,2025-08-27,38,Female,Kathmandu,Employed,Single,44936.0,18.2,14.5,703.0,25447.0,17163.0,6.3,6.4,100.0,4.9,4,2,0.5,High,80.3,70.85,No,250000.0
495,2024-05-09,54,Male,Butwal,Employed,Single,42149.0,34.9,13.8,614.0,19632.0,37672.0,5.6,5.5,81.0,3.4,7,4,5.2,Low,70.0,70.81,No,250000.0
640,2024-10-01,58,Female,Biratnagar,Student,Married,58721.0,32.6,15.3,695.0,5005.0,7084.0,4.7,6.1,77.3,1.7,0,3,2.7,Medium,98.3,57.17,Yes,250000.0
465,2024-04-09,32,Female,Pokhara,Employed,Single,16296.0,14.7,15.8,700.0,1645.0,21869.0,11.2,7.0,80.4,4.7,5,1,3.6,Medium,69.6,83.2,Yes,250000.0
144,2023-05-24,52,Male,Butwal,Unemployed,Married,24582.0,31.8,16.8,,0.0,11618.0,4.9,7.2,68.2,2.8,3,7,2.0,High,84.8,57.16,No,250000.0
127,2023-05-07,24,Male,Biratnagar,Employed,Single,23544.0,0.0,14.5,651.0,5125.0,11529.0,,7.5,62.9,5.9,1,3,2.9,Medium,99.7,48.65,No,250000.0
153,2023-06-02,56,Male,Pokhara,Employed,Single,80250.0,34.4,12.4,675.0,34317.0,96285.0,15.2,5.4,62.3,1.7,0,2,1.5,Medium,59.1,70.94,No,250000.0
239,2023-08-27,49,Female,Kathmandu,Self-employed,Married,43437.0,24.2,13.1,710.0,9252.0,29588.0,12.9,8.1,92.8,4.9,2,4,2.4,Medium,88.5,75.11,Yes,250000.0
593,2024-08-15,67,Female,Lalitpur,Self-employed,Married,115686.0,45.0,17.0,708.0,62979.0,96734.0,11.2,5.9,,6.1,0,2,4.1,High,48.7,69.67,Yes,250000.0
630,2024-09-21,41,Female,Butwal,Employed,Single,59356.0,19.2,16.9,606.0,35659.0,8701.0,5.8,7.8,73.3,8.6,4,7,0.4,High,90.2,54.03,Yes,250000.0
536,2024-06-19,33,Female,Pokhara,Self-employed,Single,81285.0,6.9,15.5,637.0,49966.0,73945.0,8.9,9.2,85.4,7.1,2,0,1.5,High,72.2,70.06,No,250000.0
889,2025-06-07,22,Male,Lalitpur,Employed,Married,32941.0,0.0,12.6,620.0,8239.0,32410.0,,7.4,92.7,7.8,6,3,2.4,Medium,86.3,64.78,No,250000.0
248,2023-09-05,23,Male,Chitwan,Employed,Single,39819.0,2.5,15.0,723.0,22303.0,12307.0,2.2,6.9,62.7,6.2,3,3,1.0,Medium,43.4,37.49,No,250000.0
574,2024-07-27,50,Female,Biratnagar,Self-employed,Married,63375.0,21.4,11.4,766.0,18642.0,40809.0,1.8,8.3,63.1,8.8,0,1,5.8,,47.0,35.34,Yes,250000.0
109,2023-04-19,26,Female,Biratnagar,Employed,Divorced,37077.0,0.6,14.7,736.0,0.0,0.0,0.9,5.6,92.4,4.8,7,4,0.6,High,72.4,59.33,No,250000.0
384,2024-01-19,46,Female,Butwal,Employed,Single,17581.0,21.7,11.0,632.0,9914.0,29252.0,3.3,6.9,88.2,3.9,0,6,0.7,Medium,56.7,46.15,No,250000.0
338,2023-12-04,33,Male,Chitwan,Employed,Married,71271.0,17.3,,725.0,30109.0,72377.0,4.4,6.8,60.2,6.7,3,7,1.9,High,89.0,38.34,No,250000.0
984,2025-09-10,26,Female,Kathmandu,Unemployed,Married,53078.0,5.4,14.9,721.0,,72724.0,2.9,8.1,,1.0,7,2,5.6,Medium,70.7,52.51,Yes,250000.0
605,2024-08-27,58,Female,Biratnagar,Employed,Single,62174.0,21.1,15.4,605.0,10985.0,24170.0,9.6,6.2,88.3,6.0,3,0,1.1,Low,86.1,76.67,No,250000.0
45,2023-02-14,68,Female,Bhaktapur,Employed,Single,17223.0,45.0,14.6,524.0,9996.0,15802.0,6.3,5.9,89.1,3.3,2,0,0.0,Medium,42.2,56.66,No,250000.0
602,2024-08-24,43,Male,Butwal,Self-employed,Married,32530.0,19.2,19.5,608.0,10144.0,4558.0,1.1,6.0,77.0,8.9,3,4,6.2,High,61.7,41.4,No,250000.0
406,2024-02-10,42,Male,Chitwan,Student,Married,79315.0,21.4,9.3,656.0,19603.0,54748.0,1.6,8.0,80.6,11.1,0,3,3.6,High,74.2,36.89,No,250000.0
804,2025-03-14,50,Female,Chitwan,Student,Married,52301.0,18.6,9.7,702.0,2304.0,30692.0,6.9,7.8,70.8,2.4,4,5,5.2,Medium,82.9,67.75,No,250000.0
507,2024-05-21,65,Female,Lalitpur,Employed,Single,86275.0,45.0,14.0,564.0,51031.0,45512.0,6.2,6.3,77.3,6.4,3,5,1.0,High,59.7,48.67,Yes,250000.0
325,2023-11-21,57,Female,Butwal,Unemployed,Single,94442.0,32.0,16.6,635.0,12936.0,28179.0,3.5,6.3,88.9,6.8,1,4,1.9,Medium,98.0,39.24,No,250000.0
898,2025-06-16,38,Male,Kathmandu,Employed,Married,34298.0,17.4,10.8,716.0,5473.0,23574.0,9.5,6.2,77.5,4.8,2,7,3.5,Medium,81.1,54.16,Yes,250000.0
169,2023-06-18,54,Female,Pokhara,Student,Single,57491.0,38.2,12.9,634.0,40245.0,28483.0,4.3,7.0,76.9,3.9,0,2,1.5,Low,68.5,45.4,No,250000.0
138,2023-05-18,61,Male,Chitwan,Employed,Divorced,92082.0,42.4,14.3,651.0,34415.0,23442.0,4.0,7.4,88.5,4.6,4,1,4.6,High,60.8,65.54,No,250000.0
423,2024-02-27,34,Male,Chitwan,Employed,Married,43982.0,8.4,10.3,755.0,8065.0,36417.0,2.5,5.5,97.8,5.9,5,5,0.8,Medium,61.4,53.12,No,250000.0
221,2023-08-09,69,Male,Bhaktapur,Employed,Married,95461.0,45.0,11.1,644.0,27885.0,63471.0,7.8,6.5,55.3,6.2,6,1,2.1,Medium,88.1,61.6,Yes,250000.0
680,2024-11-10,56,Male,Kathmandu,Employed,Single,44149.0,35.4,12.6,640.0,11650.0,44492.0,2.7,7.4,85.6,5.4,1,1,2.3,Medium,74.6,44.51,Yes,250000.0
226,2023-08-14,56,Female,Kathmandu,Student,Married,34041.0,30.6,12.9,703.0,21023.0,0.0,10.7,6.5,67.5,7.4,7,1,1.3,Medium,45.9,71.33,Yes,250000.0
455,2024-03-30,40,Male,Kathmandu,Self-employed,Single,,18.1,15.5,671.0,12498.0,12257.0,2.6,6.7,99.4,6.2,4,1,3.1,Medium,83.6,55.17,No,250000.0
520,2024-06-03,43,Female,Butwal,Employed,Single,104031.0,25.1,13.8,776.0,10445.0,13485.0,6.4,6.9,100.0,4.6,4,3,2.8,Medium,80.9,69.53,No,250000.0
855,2025-05-04,70,Female,Chitwan,Employed,Single,46231.0,44.8,14.1,625.0,17156.0,46961.0,11.7,5.7,71.8,7.3,7,2,2.1,,43.1,71.9,Yes,250000.0
628,2024-09-19,56,Female,Bhaktapur,Employed,Single,12000.0,31.3,11.7,742.0,,13787.0,8.3,7.8,81.1,4.5,6,0,2.0,Low,81.8,77.46,No,250000.0
580,2024-08-02,18,Female,Kathmandu,Self-employed,Married,12530.0,0.0,18.1,751.0,6930.0,19156.0,5.1,5.2,62.2,9.1,0,3,5.0,Medium,79.8,40.24,No,250000.0
356,2023-12-22,39,Female,Lalitpur,Unemployed,Married,38161.0,11.5,14.8,735.0,19048.0,7966.0,4.8,8.2,97.2,4.2,4,2,0.9,Medium,54.1,69.2,Yes,250000.0
780,2025-02-18,29,Male,Bhaktapur,Employed,Single,32318.0,16.1,12.2,676.0,,43709.0,7.8,7.7,,7.1,2,1,4.9,Low,71.7,43.27,No,250000.0
137,2023-05-17,52,Female,Biratnagar,Employed,Single,32304.0,20.6,9.7,765.0,8294.0,15825.0,8.2,6.9,89.3,2.7,4,4,4.2,High,81.6,67.83,No,250000.0
754,2025-01-23,62,Male,Pokhara,Employed,Married,68078.0,35.1,14.7,670.0,40874.0,73015.0,7.3,3.8,100.0,2.3,4,2,2.5,Low,64.4,68.27,No,250000.0
955,2025-08-12,20,Male,Kathmandu,Self-employed,Single,71098.0,0.0,16.9,643.0,32315.0,24262.0,2.7,6.3,84.9,4.6,5,4,0.7,High,71.1,61.28,No,250000.0
858,2025-05-07,70,Male,Biratnagar,Employed,Single,19053.0,43.4,15.8,649.0,0.0,16456.0,6.9,7.3,100.0,6.6,4,6,4.1,High,79.6,69.46,No,250000.0
921,2025-07-09,59,Male,Bhaktapur,Employed,Married,12000.0,32.7,11.6,587.0,8498.0,3667.0,2.0,8.1,84.3,1.0,1,3,4.3,Medium,52.5,48.55,No,250000.0
882,2025-05-31,43,Male,Lalitpur,Self-employed,Single,25128.0,19.2,10.9,726.0,12763.0,22788.0,2.9,7.1,69.8,6.9,0,2,1.7,Medium,64.7,40.4,Yes,250000.0
976,2025-09-02,43,Male,Biratnagar,Self-employed,Divorced,62785.0,20.6,15.0,698.0,7096.0,23766.0,6.4,8.3,65.2,7.2,5,3,2.6,High,58.5,60.39,No,250000.0
915,2025-07-03,69,Male,Kathmandu,Employed,Married,40361.0,45.0,14.7,694.0,2467.0,0.0,14.2,6.5,73.9,3.0,7,3,2.5,High,74.9,76.47,No,250000.0
294,2023-10-21,52,Male,Biratnagar,Employed,Married,16901.0,32.3,15.7,564.0,3559.0,13231.0,1.1,6.6,,4.2,0,2,0.9,Medium,71.4,24.26,No,250000.0
953,2025-08-10,21,Female,Butwal,Self-employed,Married,25812.0,0.0,,728.0,5345.0,23979.0,6.1,6.5,94.5,5.7,0,3,3.6,Medium,74.9,52.64,No,250000.0
919,2025-07-07,32,Female,Chitwan,Self-employed,Married,62189.0,2.1,10.9,850.0,16322.0,62625.0,5.6,8.1,94.8,5.6,2,4,1.7,Medium,61.1,63.91,Yes,250000.0
732,2025-01-01,56,Male,Butwal,Employed,Married,39138.0,40.2,16.7,628.0,4881.0,44405.0,6.6,6.2,80.9,3.0,1,3,0.0,Low,60.1,65.13,Yes,250000.0
741,2025-01-10,58,Male,Bhaktapur,Self-employed,Single,32930.0,35.9,16.7,,24072.0,16644.0,3.8,8.8,69.5,1.0,1,5,4.1,Medium,80.5,55.77,No,250000.0
11,2023-01-11,28,Male,Chitwan,Employed,Single,23648.0,3.6,12.8,684.0,14460.0,21922.0,1.6,6.7,75.8,4.9,7,3,3.3,Low,59.7,51.9,No,250000.0
971,2025-08-28,23,Male,Chitwan,Employed,Married,67834.0,3.4,13.2,724.0,19552.0,39911.0,6.3,6.5,100.0,7.9,2,2,6.1,High,97.0,59.53,No,250000.0
541,2024-06-24,56,Male,Biratnagar,Student,Married,61610.0,25.5,15.1,636.0,39699.0,12046.0,4.1,6.7,74.6,5.4,6,3,1.8,Low,75.8,61.13,No,250000.0
252,2023-09-09,34,Male,Biratnagar,Self-employed,Single,60547.0,6.1,16.8,607.0,4890.0,22847.0,,8.7,72.7,6.8,1,2,3.7,High,68.4,87.25,Yes,250000.0
208,2023-07-27,44,Male,Pokhara,Employed,Single,15995.0,23.7,14.7,686.0,13488.0,13078.0,2.7,7.4,64.2,4.1,4,5,6.5,Low,83.1,47.92,Yes,250000.0
394,2024-01-29,63,Female,Kathmandu,Self-employed,Married,30351.0,45.0,17.6,682.0,17330.0,36802.0,11.3,7.1,83.3,6.0,5,1,5.5,Medium,87.9,63.19,No,250000.0
637,2024-09-28,40,Non-binary,Kathmandu,Self-employed,Single,36224.0,11.6,16.7,646.0,16974.0,30569.0,2.0,6.1,73.6,4.9,3,4,0.8,Medium,67.2,44.01,Yes,250000.0
70,2023-03-11,67,Female,Kathmandu,Self-employed,Married,64120.0,37.8,13.0,573.0,21989.0,57368.0,8.9,6.8,90.6,3.8,7,3,3.2,High,55.0,82.46,No,250000.0
674,2024-11-04,40,Female,Kathmandu,Employed,Married,137312.0,9.4,11.9,775.0,38168.0,129840.0,6.3,6.8,63.3,4.6,1,6,1.0,High,65.7,51.46,Yes,250000.0
195,2023-07-14,45,Female,Lalitpur,Employed,Married,32931.0,10.2,12.4,709.0,20232.0,6529.0,11.1,7.8,100.0,7.9,7,1,0.1,Medium,46.2,82.63,Yes,250000.0
650,2024-10-11,66,Female,Lalitpur,Employed,Married,,40.9,12.4,750.0,8935.0,14265.0,5.4,6.4,71.2,6.0,2,3,5.2,Low,78.8,48.24,No,250000.0
573,2024-07-26,50,Male,Butwal,Employed,Married,34378.0,28.8,12.7,769.0,0.0,26364.0,2.6,4.6,64.4,2.3,4,5,7.0,Medium,75.0,54.31,No,250000.0
770,2025-02-08,66,Male,Butwal,Employed,Divorced,21893.0,43.5,17.7,719.0,15144.0,17386.0,9.1,9.6,62.5,6.4,7,3,0.2,Medium,78.4,69.65,No,250000.0
113,2023-04-23,25,Female,Pokhara,Self-employed,Divorced,35989.0,0.0,10.7,606.0,26252.0,16178.0,2.7,7.7,73.8,2.5,7,2,2.4,Medium,76.6,64.35,No,250000.0
326,2023-11-22,37,Female,Bhaktapur,Employed,Single,91857.0,12.6,14.3,608.0,32817.0,94789.0,2.0,8.4,83.6,4.0,1,3,3.0,High,51.9,54.82,No,250000.0
613,2024-09-04,53,Female,Chitwan,Employed,Married,66395.0,28.3,16.1,739.0,16140.0,57668.0,1.7,7.1,50.4,4.8,4,2,5.4,High,69.2,37.73,Yes,250000.0
313,2023-11-09,33,Male,Pokhara,Student,Single,47635.0,10.0,15.5,676.0,21973.0,27972.0,9.1,7.5,72.4,1.0,0,3,3.4,Medium,63.8,59.25,No,250000.0
433,2024-03-08,52,Male,Kathmandu,Unemployed,Single,26089.0,29.1,16.4,634.0,12812.0,5389.0,2.2,6.3,100.0,3.0,5,7,2.8,Medium,62.0,53.53,No,250000.0
503,2024-05-17,18,Male,Pokhara,Employed,Single,37668.0,0.0,8.0,775.0,25028.0,2662.0,0.8,4.7,95.0,5.1,4,4,1.1,High,84.6,44.38,No,250000.0
342,2023-12-08,21,Non-binary,Lalitpur,Self-employed,Married,77819.0,0.0,14.7,664.0,30744.0,55446.0,9.3,6.5,90.1,2.3,2,4,2.4,Medium,51.2,71.8,No,250000.0
719,2024-12-19,42,Male,Chitwan,Unemployed,Married,32948.0,21.9,16.3,729.0,0.0,29838.0,5.4,6.4,87.8,2.7,2,2,4.5,High,60.4,53.67,No,250000.0
612,2024-09-03,46,Female,Biratnagar,Self-employed,Single,13764.0,21.8,16.6,696.0,0.0,34185.0,8.2,7.1,100.0,2.8,2,5,3.2,Medium,71.7,73.39,Yes,250000.0
895,2025-06-13,40,Male,Pokhara,Employed,Married,57876.0,14.2,16.4,517.0,33529.0,42344.0,14.4,4.9,76.6,6.2,6,6,2.1,Medium,54.9,79.55,No,250000.0
508,2024-05-22,42,Male,Biratnagar,Employed,Single,31289.0,18.4,11.4,730.0,15112.0,20774.0,2.0,8.7,78.8,6.8,2,2,4.3,Medium,87.5,42.97,No,250000.0
623,2024-09-14,52,Male,Butwal,Employed,Single,31930.0,30.9,11.2,624.0,4063.0,47781.0,5.8,7.6,67.5,6.5,3,5,3.2,High,67.7,48.66,No,250000.0
442,2024-03-17,18,Male,Butwal,Employed,Single,65293.0,0.0,13.8,640.0,18492.0,61325.0,2.7,5.7,,4.1,3,5,3.9,High,60.9,43.86,No,250000.0
282,2023-10-09,56,Male,Lalitpur,Unemployed,Single,42165.0,39.7,18.2,718.0,18700.0,27769.0,5.1,6.6,,4.0,1,2,5.7,Medium,97.0,55.81,No,250000.0
408,2024-02-12,48,Female,Lalitpur,Employed,Single,72327.0,28.2,11.8,731.0,4914.0,19703.0,2.5,7.0,95.4,5.8,2,0,5.4,High,88.5,49.79,No,250000.0
188,2023-07-07,45,Male,Biratnagar,Self-employed,Single,25954.0,16.6,13.4,680.0,14065.0,4851.0,8.4,5.8,100.0,5.4,7,3,3.6,Medium,63.5,78.86,No,250000.0
443,2024-03-18,25,Male,Lalitpur,Student,Single,59854.0,2.7,18.3,743.0,15753.0,38668.0,5.6,5.8,83.8,1.8,4,2,4.6,Medium,59.1,60.63,Yes,250000.0
635,2024-09-26,66,Female,Pokhara,Unemployed,Single,46609.0,34.0,12.5,757.0,12081.0,57717.0,4.4,8.3,87.5,1.0,0,8,6.2,High,68.4,60.91,Yes,250000.0
797,2025-03-07,45,Male,Pokhara,Employed,Single,19122.0,17.2,17.1,615.0,2589.0,0.0,4.4,5.5,73.3,1.7,7,5,2.6,,100.0,50.74,No,250000.0
460,2024-04-04,39,Female,Pokhara,Employed,Single,72899.0,23.6,13.1,675.0,6807.0,33923.0,11.7,7.5,58.5,2.9,3,3,2.4,Low,72.6,68.76,Yes,250000.0
93,2023-04-03,33,Male,Chitwan,Employed,Single,16170.0,7.5,15.6,750.0,0.0,0.0,5.2,7.3,59.0,5.4,6,2,3.7,Low,72.3,51.98,No,250000.0
411,2024-02-15,63,Male,Kathmandu,Employed,Single,56365.0,36.4,10.1,701.0,35176.0,19078.0,3.3,7.3,91.4,6.4,6,3,5.8,High,71.8,59.29,No,250000.0
652,2024-10-13,29,Female,Kathmandu,Student,Married,77584.0,0.4,14.0,778.0,9854.0,81808.0,3.2,7.5,100.0,3.8,2,6,2.3,Medium,81.0,58.43,Yes,250000.0
708,2024-12-08,54,Male,Chitwan,Employed,Single,68715.0,30.7,18.9,620.0,2410.0,44304.0,9.5,8.1,89.9,5.6,0,2,4.5,Low,74.1,67.59,No,250000.0
575,2024-07-28,68,Female,Bhaktapur,Student,Married,34629.0,45.0,13.6,576.0,20285.0,15963.0,5.6,5.8,81.3,3.3,5,4,3.4,High,79.7,65.35,No,250000.0
990,2025-09-16,60,Female,Bhaktapur,Employed,Married,16975.0,40.6,16.7,665.0,19586.0,16835.0,3.3,7.5,83.3,4.7,3,4,4.9,Medium,66.9,57.14,No,250000.0
504,2024-05-18,64,Female,Lalitpur,Self-employed,Single,46194.0,44.5,18.5,702.0,31199.0,6092.0,6.3,6.3,67.0,5.8,6,2,5.5,Medium,75.7,65.25,No,250000.0
687,2024-11-17,60,Female,Kathmandu,Employed,Married,18353.0,30.9,13.7,529.0,,7239.0,7.5,6.7,99.5,6.4,1,5,3.7,High,47.6,70.2,No,250000.0
476,2024-04-20,23,Male,Kathmandu,Employed,Single,48984.0,0.0,17.0,617.0,11063.0,19842.0,7.2,7.8,79.7,5.4,0,1,3.3,Low,80.0,54.44,No,250000.0
913,2025-07-01,68,Female,Butwal,Unemployed,Single,52824.0,45.0,13.2,674.0,24653.0,22732.0,0.6,5.6,87.7,6.8,6,4,2.8,,36.6,50.17,No,250000.0
558,2024-07-11,62,Male,Chitwan,Unemployed,Married,68256.0,38.0,12.8,675.0,37387.0,59931.0,11.8,7.0,78.0,2.3,3,1,5.2,High,80.6,80.34,No,250000.0
659,2024-10-20,31,Male,Lalitpur,Employed,Single,38962.0,3.0,14.1,685.0,25330.0,36622.0,6.9,8.7,,5.9,4,2,5.3,Medium,80.0,61.53,Yes,250000.0
131,2023-05-11,51,Female,Butwal,Employed,Single,68424.0,27.7,9.7,806.0,35410.0,86071.0,5.1,8.1,84.4,2.4,3,2,2.6,High,72.8,66.8,Yes,250000.0
920,2025-07-08,47,Male,Kathmandu,Employed,Married,59527.0,24.4,14.3,782.0,9312.0,40843.0,9.2,7.2,56.1,5.2,1,0,2.4,Medium,54.2,42.64,Yes,250000.0
563,2024-07-16,19,Female,Butwal,Student,Married,35926.0,0.0,15.0,667.0,26194.0,23710.0,4.2,6.1,98.6,4.7,1,1,0.5,High,86.2,55.81,No,250000.0
610,2024-09-01,62,Male,Lalitpur,Employed,Married,18608.0,32.3,12.3,809.0,7382.0,4607.0,11.4,6.6,86.7,4.1,5,3,2.9,High,66.7,80.12,No,250000.0
198,2023-07-17,50,Male,Biratnagar,Unemployed,Single,74706.0,19.1,12.0,698.0,,82931.0,7.0,7.2,93.6,4.0,2,5,5.4,High,51.7,66.61,No,250000.0
216,2023-08-04,32,Female,Bhaktapur,Student,Married,27423.0,3.2,14.3,662.0,6087.0,36475.0,2.7,5.7,87.3,5.1,2,2,4.1,Low,67.1,61.6,Yes,250000.0
751,2025-01-20,70,Female,Bhaktapur,Employed,Married,30614.0,45.0,12.0,730.0,12831.0,35514.0,5.4,6.8,67.1,6.7,3,4,1.8,Medium,77.9,52.43,Yes,250000.0
849,2025-04-28,34,Male,Pokhara,Student,Married,35874.0,6.6,10.9,718.0,3478.0,24897.0,7.8,6.0,78.7,6.5,4,0,4.2,Medium,79.8,55.22,No,250000.0
779,2025-02-17,28,Female,Lalitpur,Unemployed,Married,50127.0,12.7,15.9,591.0,17361.0,5502.0,1.4,6.1,74.9,6.0,3,7,4.2,High,38.4,40.16,No,250000.0
904,2025-06-22,55,Female,Chitwan,Employed,Married,152444.0,25.5,,,88627.0,67996.0,6.8,9.4,,7.9,3,2,4.0,Medium,62.6,55.9,Yes,250000.0
482,2024-04-26,52,Female,Butwal,Employed,Married,75349.0,25.5,13.8,638.0,16499.0,66202.0,3.3,5.6,75.5,7.3,7,0,4.6,Low,60.9,51.45,No,250000.0
576,2024-07-29,60,Female,Biratnagar,Employed,Married,96567.0,32.8,18.5,737.0,24355.0,26504.0,10.4,7.5,,6.7,1,2,3.5,Medium,74.4,62.28,Yes,250000.0
472,2024-04-16,61,Female,Kathmandu,Self-employed,Married,65765.0,34.9,14.9,751.0,7329.0,66018.0,10.9,7.1,83.5,4.7,2,5,6.7,Medium,64.1,68.47,No,250000.0
441,2024-03-16,37,Female,Butwal,Self-employed,Married,68744.0,5.5,13.8,704.0,42393.0,20852.0,3.1,7.8,100.0,6.7,0,5,4.5,High,57.4,51.49,No,250000.0
832,2025-04-11,28,Male,Butwal,Student,Divorced,35132.0,0.0,11.4,,,9588.0,10.1,8.8,75.8,1.5,7,4,0.9,High,50.8,77.37,No,250000.0
682,2024-11-12,48,Female,Bhaktapur,Unemployed,Married,53426.0,30.9,15.6,743.0,19145.0,34972.0,13.0,7.5,78.5,3.6,3,6,1.0,Low,75.7,75.49,No,250000.0
760,2025-01-29,38,Male,Butwal,Employed,Single,74759.0,12.6,11.1,724.0,19657.0,78664.0,3.0,6.7,75.0,4.8,4,3,3.0,Medium,87.8,53.8,No,250000.0
258,2023-09-15,23,Female,Biratnagar,Student,Single,12000.0,0.0,15.0,596.0,0.0,18.0,8.7,6.3,96.2,9.7,1,3,1.7,High,68.1,52.34,Yes,250000.0
764,2025-02-02,52,Male,Biratnagar,Self-employed,Divorced,33810.0,22.7,,677.0,2611.0,38863.0,1.1,6.2,83.5,6.6,5,1,4.3,High,61.1,46.47,No,250000.0
429,2024-03-04,56,Male,Lalitpur,Employed,Single,29268.0,27.1,18.8,692.0,2384.0,10300.0,5.6,5.5,100.0,1.7,7,2,3.5,Medium,88.4,80.18,No,250000.0
782,2025-02-20,49,Female,Butwal,Employed,Married,19116.0,17.4,14.3,716.0,9510.0,22587.0,3.5,5.7,79.3,5.4,3,6,3.1,Medium,67.5,56.33,Yes,250000.0
965,2025-08-22,22,Female,Lalitpur,Employed,Single,33966.0,0.0,13.8,,14076.0,0.0,5.6,8.8,88.4,4.1,7,3,2.9,Medium,85.6,74.42,No,250000.0
498,2024-05-12,40,Male,Biratnagar,Employed,Married,109618.0,18.9,13.1,792.0,9344.0,44750.0,4.4,6.0,76.6,6.8,6,4,2.7,Medium,59.3,53.68,No,250000.0
636,2024-09-27,30,Female,Lalitpur,Student,Divorced,48086.0,5.4,12.0,749.0,34176.0,32721.0,6.9,7.7,62.6,6.3,2,3,4.2,Low,42.5,48.66,Yes,250000.0
491,2024-05-05,34,Female,Butwal,Employed,Single,73447.0,1.1,14.3,721.0,33160.0,82600.0,4.9,8.0,80.4,5.3,0,1,0.3,Low,56.5,50.01,No,250000.0
666,2024-10-27,22,Male,Chitwan,Unemployed,Single,68084.0,0.0,13.4,467.0,19430.0,1881.0,,8.4,86.8,7.0,0,5,1.2,Medium,74.3,46.67,Yes,250000.0
461,2024-04-05,66,Female,Bhaktapur,Student,Married,58074.0,44.6,18.4,601.0,20010.0,37190.0,1.7,3.8,71.4,4.7,7,2,4.2,Medium,100.0,47.0,No,250000.0
77,2023-03-18,46,Female,Lalitpur,Employed,Single,68459.0,25.6,12.9,800.0,38166.0,31131.0,5.3,7.6,91.1,7.4,7,2,4.6,High,80.7,62.31,No,250000.0
553,2024-07-06,27,Non-binary,Chitwan,Employed,Divorced,58669.0,0.0,12.9,664.0,37287.0,65826.0,5.4,7.5,64.3,2.4,5,2,3.8,High,100.0,60.52,No,250000.0
887,2025-06-05,18,Male,Pokhara,Employed,Married,56638.0,2.7,11.9,781.0,13617.0,5346.0,7.3,6.4,95.4,3.1,0,2,1.1,Low,60.2,66.62,Yes,250000.0
893,2025-06-11,65,Female,Bhaktapur,Self-employed,Single,117771.0,43.7,17.5,767.0,10763.0,99170.0,2.0,10.0,73.5,2.9,2,2,1.1,High,64.5,49.09,Yes,250000.0
66,2023-03-07,52,Male,Pokhara,Employed,Single,32273.0,28.0,8.0,732.0,21274.0,11838.0,,8.2,100.0,8.1,2,3,0.7,Low,51.6,47.26,Yes,250000.0
928,2025-07-16,34,Female,Chitwan,Unemployed,Single,51896.0,15.4,13.6,753.0,26264.0,11783.0,10.2,7.8,80.5,7.1,2,3,4.9,Medium,94.8,67.81,No,250000.0
207,2023-07-26,25,Male,Chitwan,Self-employed,Divorced,70356.0,2.8,16.9,,18426.0,56785.0,6.3,6.8,100.0,3.2,5,2,2.3,High,41.4,72.55,No,250000.0
9,2023-01-09,36,Female,Kathmandu,Employed,Single,58333.0,16.8,12.2,625.0,7825.0,67243.0,5.1,6.8,64.4,10.7,3,7,2.2,Medium,52.3,44.18,No,250000.0
78,2023-03-19,35,Male,Kathmandu,Self-employed,Single,63914.0,8.5,14.1,740.0,29908.0,15293.0,6.6,8.4,75.4,7.3,1,4,4.2,Low,82.1,49.14,No,250000.0
964,2025-08-21,38,Female,Lalitpur,Self-employed,Married,76900.0,25.5,13.8,696.0,0.0,96677.0,18.0,8.2,69.4,4.5,5,2,1.0,High,48.3,99.89,Yes,250000.0
59,2023-02-28,37,Male,Chitwan,Self-employed,Single,,5.2,13.8,682.0,8470.0,0.0,3.5,7.4,73.5,6.0,7,5,2.9,Low,86.3,52.67,No,250000.0
763,2025-02-01,53,Female,Kathmandu,Employed,Married,79846.0,34.1,16.2,686.0,50866.0,32101.0,8.4,4.7,77.6,6.3,3,3,0.0,High,66.0,59.41,Yes,250000.0
473,2024-04-17,22,Male,Lalitpur,Self-employed,Married,23734.0,0.0,10.1,612.0,0.0,13086.0,3.0,7.1,,4.7,1,2,5.6,Low,59.3,46.14,No,250000.0
425,2024-02-29,50,Female,Chitwan,Employed,Single,33402.0,20.9,13.4,502.0,28204.0,11206.0,4.5,7.6,80.7,5.1,6,3,2.2,High,57.6,66.05,No,250000.0
378,2024-01-13,52,Female,Bhaktapur,Employed,Divorced,86787.0,26.5,15.8,650.0,15577.0,106322.0,9.4,8.5,89.5,4.8,6,5,4.8,Medium,72.1,70.03,Yes,250000.0
481,2024-04-25,64,Male,Chitwan,Employed,Single,31474.0,36.9,15.1,697.0,10668.0,13096.0,4.9,7.0,77.2,5.1,3,3,0.7,Medium,43.9,49.52,Yes,250000.0
497,2024-05-11,70,Male,Butwal,Self-employed,Married,26878.0,37.6,13.1,716.0,14141.0,17551.0,3.2,7.1,73.9,7.5,4,5,1.4,Medium,90.9,47.1,No,250000.0
632,2024-09-23,49,Male,Chitwan,Unemployed,Married,52869.0,33.7,11.3,739.0,,51658.0,3.2,5.3,79.7,2.4,3,3,3.2,High,56.8,55.08,No,250000.0
973,2025-08-30,22,Female,Bhaktapur,Student,Single,53141.0,0.0,13.4,714.0,20053.0,914.0,7.5,5.8,71.5,6.1,0,3,3.3,High,57.0,43.79,No,250000.0
320,2023-11-16,28,Female,Biratnagar,Employed,Single,41345.0,1.5,12.1,641.0,19852.0,28161.0,7.2,7.5,82.2,1.0,0,3,3.1,Medium,68.0,64.26,No,250000.0
365,2023-12-31,44,Female,Chitwan,Employed,Single,,26.5,13.9,595.0,26347.0,20529.0,4.6,7.6,99.5,3.3,4,5,0.0,High,69.9,60.49,No,250000.0
413,2024-02-17,67,Female,Chitwan,Employed,Divorced,82481.0,35.1,12.4,635.0,28065.0,71518.0,5.6,5.7,83.2,4.4,6,5,5.0,High,79.0,65.34,Yes,250000.0
142,2023-05-22,52,Male,Butwal,Employed,Married,36327.0,28.6,14.9,697.0,14495.0,32487.0,3.9,8.0,85.9,6.2,6,6,0.0,High,85.5,50.56,Yes,250000.0
89,2023-03-30,31,Male,Biratnagar,Employed,Divorced,51638.0,3.9,15.3,695.0,23958.0,20569.0,5.4,8.7,75.5,6.2,2,4,4.1,High,68.9,57.41,No,250000.0
648,2024-10-09,30,Male,Pokhara,Employed,Married,52464.0,0.0,13.5,778.0,15600.0,34617.0,8.9,7.6,67.1,3.4,5,4,0.0,High,39.0,63.54,No,250000.0
820,2025-03-30,19,Male,Pokhara,Self-employed,Single,33612.0,0.0,12.9,607.0,12752.0,18355.0,3.9,6.2,88.0,6.0,3,1,1.9,Medium,85.4,43.29,No,250000.0
813,2025-03-23,52,Female,Butwal,Self-employed,Divorced,19329.0,32.8,14.5,605.0,7090.0,24354.0,4.7,7.9,87.4,5.3,3,3,4.1,High,80.5,56.99,No,250000.0
324,2023-11-20,55,Male,Lalitpur,Unemployed,Single,12000.0,33.7,17.0,672.0,13380.0,3941.0,5.0,8.1,64.7,5.2,6,2,1.6,Medium,49.7,59.29,Yes,250000.0
767,2025-02-05,35,Male,Chitwan,Employed,Married,49387.0,9.2,,734.0,14892.0,12628.0,3.1,7.1,82.1,3.3,3,3,4.4,Medium,81.9,57.05,Yes,250000.0
322,2023-11-18,25,Female,Lalitpur,Employed,Married,36928.0,0.1,15.6,599.0,23342.0,28680.0,,6.3,77.9,6.5,2,1,1.3,High,51.8,43.62,No,250000.0
61,2023-03-02,64,Female,Lalitpur,Employed,Single,134965.0,40.7,11.2,606.0,60939.0,57353.0,5.0,5.7,86.7,6.3,4,1,0.7,High,62.0,53.23,No,250000.0
487,2024-05-01,67,Female,Biratnagar,Self-employed,Single,19865.0,43.7,11.2,654.0,4367.0,0.0,6.6,5.7,87.2,3.9,2,3,5.2,Medium,53.5,62.97,No,250000.0
837,2025-04-16,44,Female,Biratnagar,Employed,Married,30249.0,17.6,14.4,523.0,11040.0,23361.0,9.2,7.3,97.7,4.5,0,2,1.8,High,83.9,57.2,No,250000.0
386,2024-01-21,70,Female,Butwal,Self-employed,Single,44925.0,42.1,13.7,718.0,,42593.0,3.3,6.3,92.1,5.1,7,6,2.2,Medium,90.1,55.8,Yes,250000.0
420,2024-02-24,59,Non-binary,Butwal,Student,Single,,34.4,11.4,639.0,8004.0,23224.0,3.3,6.8,92.0,4.4,3,5,2.0,High,83.9,58.14,Yes,250000.0
769,2025-02-07,58,Female,Butwal,Unemployed,Single,70239.0,43.9,16.2,756.0,34408.0,46092.0,7.9,7.2,91.1,5.1,4,3,3.0,Medium,60.6,64.09,No,250000.0
434,2024-03-09,67,Female,Biratnagar,Self-employed,Single,48989.0,44.7,12.8,650.0,8048.0,52388.0,5.0,7.8,96.8,3.1,0,2,3.9,Medium,58.6,63.16,Yes,250000.0
302,2023-10-29,18,Male,Chitwan,Employed,Married,78433.0,0.0,16.3,598.0,14090.0,47926.0,9.1,8.0,82.9,7.4,6,2,2.2,High,55.5,64.71,No,250000.0
985,2025-09-11,43,Male,Lalitpur,Employed,Single,53733.0,20.2,16.7,,6365.0,10734.0,14.0,7.6,78.3,4.3,4,3,6.1,Medium,64.8,75.47,No,250000.0
297,2023-10-24,43,Female,Biratnagar,Employed,Married,29030.0,18.4,14.5,717.0,12217.0,44092.0,3.9,7.3,95.8,3.3,6,0,1.5,Medium,65.4,64.32,No,250000.0
316,2023-11-12,41,Male,Chitwan,Self-employed,Single,38588.0,15.0,,530.0,15265.0,26015.0,7.1,10.0,66.7,5.4,4,1,0.0,High,87.1,66.55,No,250000.0
938,2025-07-26,30,Female,Chitwan,Employed,Single,16919.0,2.1,15.9,728.0,5620.0,12088.0,7.1,6.5,90.6,7.7,6,4,7.1,High,70.3,63.58,No,250000.0
47,2023-02-16,38,Female,Biratnagar,Student,Married,35507.0,10.5,14.7,803.0,11183.0,41420.0,7.5,9.2,77.6,7.3,5,3,3.2,Medium,60.1,66.22,Yes,250000.0
87,2023-03-28,32,Female,Pokhara,Employed,Married,119280.0,11.9,11.9,678.0,41469.0,19967.0,6.4,4.0,85.5,1.6,4,1,2.2,High,87.2,60.18,No,250000.0
110,2023-04-20,41,Male,Biratnagar,Self-employed,Single,,14.6,13.3,701.0,7793.0,19031.0,4.1,8.6,88.2,9.6,0,4,2.8,Low,80.6,44.67,Yes,250000.0
361,2023-12-27,55,Male,Lalitpur,Employed,Married,,36.7,18.6,717.0,10697.0,25968.0,3.8,8.2,76.5,5.2,4,4,3.7,Medium,55.0,47.92,No,250000.0
646,2024-10-07,42,Female,Biratnagar,Employed,Married,49323.0,24.6,16.2,777.0,28017.0,56369.0,6.6,5.8,83.3,5.2,5,3,2.9,Low,81.7,58.65,Yes,250000.0
17,2023-01-17,41,Male,Chitwan,Employed,Single,19075.0,21.4,10.0,831.0,12098.0,12702.0,5.3,8.6,77.7,6.2,2,5,1.2,Medium,44.2,52.36,Yes,250000.0
494,2024-05-08,43,Female,Bhaktapur,Self-employed,Married,44000.0,17.8,11.5,623.0,0.0,6378.0,7.9,8.6,85.3,9.8,4,0,4.7,High,53.6,55.8,No,250000.0
816,2025-03-26,68,Male,Lalitpur,Employed,Married,18554.0,40.4,16.9,661.0,0.0,8606.0,6.3,6.3,82.5,6.2,4,4,3.7,Medium,59.2,48.79,No,250000.0
194,2023-07-13,28,Female,Biratnagar,Student,Single,51302.0,6.5,15.0,483.0,19457.0,32856.0,18.0,7.8,93.0,6.3,7,4,4.4,Medium,76.4,108.05,No,250000.0
963,2025-08-20,36,Female,Pokhara,Employed,Single,13675.0,16.1,10.7,,0.0,9739.0,13.1,7.6,100.0,4.7,5,9,1.5,Medium,96.0,95.72,No,250000.0
629,2024-09-20,49,Male,Bhaktapur,Employed,Single,19244.0,30.1,18.7,696.0,1662.0,19384.0,18.0,8.6,75.1,7.2,7,7,6.0,High,67.2,101.2,Yes,250000.0
868,2025-05-17,18,Female,Chitwan,Student,Married,71996.0,0.0,11.4,659.0,31227.0,32738.0,8.9,5.7,68.9,6.0,0,3,3.3,Medium,52.2,52.92,Yes,250000.0
843,2025-04-22,52,Male,Chitwan,Employed,Married,28989.0,24.9,14.0,669.0,7231.0,13858.0,2.0,7.2,75.2,3.0,2,1,0.9,Medium,55.7,48.49,Yes,250000.0
879,2025-05-28,48,Female,Kathmandu,Self-employed,Married,72898.0,15.9,13.6,745.0,28376.0,37937.0,8.6,6.6,72.6,7.6,7,2,3.5,High,86.1,60.21,Yes,250000.0
402,2024-02-06,40,Male,Kathmandu,Student,Single,47600.0,13.9,14.2,555.0,10986.0,57003.0,10.6,9.2,73.7,2.3,3,3,2.7,Low,56.1,70.58,No,250000.0
807,2025-03-17,30,Female,Pokhara,Employed,Married,53016.0,4.6,14.6,630.0,4610.0,8779.0,4.8,7.3,75.5,7.3,2,3,4.0,Medium,100.0,47.7,Yes,250000.0
540,2024-06-23,38,Female,Lalitpur,Employed,Married,14761.0,9.9,13.5,608.0,5630.0,1942.0,11.2,8.6,92.2,8.0,4,2,4.3,Medium,66.0,73.64,No,250000.0
439,2024-03-14,53,Female,Biratnagar,Employed,Married,23446.0,18.5,10.5,719.0,19993.0,29372.0,,6.8,96.3,10.9,0,4,4.8,Medium,90.6,36.93,Yes,250000.0
141,2023-05-21,44,Male,Pokhara,Employed,Single,56657.0,15.9,13.8,671.0,0.0,55205.0,3.7,6.3,89.1,4.5,4,8,0.8,High,76.6,55.9,Yes,250000.0
199,2023-07-18,18,Male,Pokhara,Self-employed,Single,46603.0,0.0,15.9,675.0,25120.0,15642.0,4.8,8.9,98.9,3.1,0,3,3.6,Medium,91.2,63.76,No,250000.0
468,2024-04-12,50,Female,Bhaktapur,Employed,Single,26992.0,21.0,12.8,514.0,8601.0,23123.0,3.2,5.4,90.2,3.4,1,2,1.5,Low,70.1,56.22,No,250000.0
15,2023-01-15,53,Male,Lalitpur,Employed,Single,51916.0,24.4,14.8,703.0,12525.0,25813.0,8.8,7.9,,3.9,4,7,0.2,Medium,83.0,62.4,No,250000.0
88,2023-03-29,25,Female,Lalitpur,Self-employed,Married,36146.0,0.0,13.5,628.0,19984.0,26252.0,5.3,6.5,73.0,4.2,6,2,1.9,Medium,80.2,47.59,No,250000.0
266,2023-09-23,33,Male,Biratnagar,Employed,Single,21621.0,9.8,12.8,644.0,11789.0,12550.0,10.8,8.5,80.3,6.2,3,3,2.6,Low,86.5,71.83,No,250000.0
263,2023-09-20,50,Male,Chitwan,Employed,Divorced,74286.0,20.6,15.6,683.0,21059.0,31747.0,9.8,6.8,80.4,6.6,7,5,2.3,Medium,78.4,70.74,Yes,250000.0
223,2023-08-11,66,Female,Biratnagar,Employed,Divorced,50991.0,36.5,11.8,667.0,5317.0,13581.0,5.2,6.4,91.2,4.8,4,1,1.4,Medium,51.0,59.32,No,250000.0
756,2025-01-25,62,Male,Chitwan,Employed,Divorced,49236.0,35.1,17.0,644.0,17622.0,50528.0,11.4,6.6,83.4,6.4,7,3,4.1,High,67.8,66.12,Yes,250000.0
260,2023-09-17,28,Female,Chitwan,Employed,Married,53489.0,10.8,11.4,640.0,22657.0,17333.0,4.2,5.7,89.2,4.7,7,5,0.0,Medium,89.8,69.42,No,250000.0
4,2023-01-04,32,Male,Butwal,Employed,Single,29297.0,18.1,17.8,,4135.0,9964.0,3.8,5.8,81.4,7.2,3,3,1.5,Medium,84.6,43.07,No,250000.0
355,2023-12-21,68,Male,Butwal,Employed,Single,16166.0,45.0,15.2,633.0,9965.0,15788.0,2.2,6.3,68.5,6.8,7,2,3.9,High,56.3,46.1,Yes,250000.0
490,2024-05-04,36,Female,Pokhara,Employed,Single,26029.0,19.1,12.6,697.0,,36339.0,2.6,4.4,,6.2,6,3,2.6,Medium,61.6,51.06,No,250000.0
616,2024-09-07,53,Male,Bhaktapur,Employed,Married,41182.0,34.0,16.4,588.0,973.0,19850.0,2.9,7.9,81.7,4.3,4,4,4.3,Medium,62.2,64.02,No,250000.0
474,2024-04-18,56,Female,Biratnagar,Unemployed,Married,184361.0,28.5,16.3,595.0,52426.0,50165.0,11.4,5.4,85.7,5.2,4,2,2.7,High,72.1,78.03,Yes,250000.0
662,2024-10-23,36,Female,Biratnagar,Self-employed,Married,29216.0,11.0,14.9,642.0,0.0,32957.0,6.9,6.7,81.3,4.5,1,5,1.1,Low,52.4,58.12,No,250000.0
140,2023-05-20,39,Female,Chitwan,Self-employed,Single,34268.0,11.9,15.7,787.0,12886.0,19961.0,5.0,6.2,88.2,5.3,1,2,4.4,Medium,66.2,45.08,No,250000.0
68,2023-03-09,34,Male,Bhaktapur,Student,Married,49127.0,6.3,15.2,673.0,21572.0,21174.0,6.1,6.6,66.1,2.8,6,6,1.1,Low,74.5,65.48,No,250000.0
516,2024-05-30,39,Female,Pokhara,Employed,Divorced,38704.0,18.1,14.3,711.0,0.0,19695.0,7.2,6.3,71.1,5.3,6,3,0.9,Low,100.0,65.97,Yes,250000.0
343,2023-12-09,50,Male,Bhaktapur,Self-employed,Married,51808.0,22.5,11.3,770.0,34135.0,44200.0,1.3,6.9,80.8,6.4,1,4,0.3,High,53.7,39.09,No,250000.0
57,2023-02-26,70,Male,Bhaktapur,Employed,Single,73092.0,45.0,16.4,643.0,39351.0,46454.0,7.3,6.5,76.0,6.0,0,3,1.6,Medium,65.1,56.35,Yes,250000.0
305,2023-11-01,22,Male,Kathmandu,Unemployed,Single,91209.0,0.0,12.1,617.0,30868.0,80578.0,15.5,7.0,68.4,5.9,5,4,3.0,High,69.9,82.43,Yes,250000.0
746,2025-01-15,45,Female,Lalitpur,Employed,Married,36906.0,23.1,14.7,775.0,36134.0,23203.0,6.6,6.0,95.0,5.4,0,1,3.3,Medium,70.6,53.29,Yes,250000.0
886,2025-06-04,29,Male,Lalitpur,Unemployed,Single,43185.0,6.9,14.8,623.0,3785.0,36350.0,3.7,5.9,78.0,5.4,0,4,3.0,High,67.0,35.43,No,250000.0
52,2023-02-21,42,Female,Bhaktapur,Self-employed,Single,,19.1,18.2,715.0,5970.0,1928.0,4.7,8.5,66.3,8.0,6,5,1.3,Low,65.9,44.07,No,250000.0
514,2024-05-28,56,Male,Bhaktapur,Employed,Married,60980.0,38.7,11.1,593.0,15007.0,22415.0,3.2,6.0,97.1,4.2,4,1,3.7,Medium,40.5,62.33,No,250000.0
466,2024-04-10,60,Female,Lalitpur,Employed,Single,32950.0,41.0,14.5,534.0,11023.0,35118.0,,7.1,90.0,7.5,4,3,0.0,High,47.2,63.56,No,250000.0
531,2024-06-14,47,Female,Biratnagar,Employed,Single,42573.0,27.0,13.2,617.0,644.0,5155.0,3.6,7.7,81.8,3.5,2,3,3.3,Medium,95.9,53.73,Yes,250000.0
781,2025-02-19,27,Female,Bhaktapur,Employed,Single,63680.0,2.7,9.6,602.0,27314.0,65031.0,2.2,9.4,77.3,6.2,2,8,4.2,Medium,80.5,52.75,No,250000.0
306,2023-11-02,54,Male,Kathmandu,Self-employed,Single,65735.0,30.7,12.4,787.0,3143.0,15519.0,5.1,6.3,84.4,3.1,2,4,2.5,Medium,67.0,51.35,No,250000.0
825,2025-04-04,22,Male,Biratnagar,Employed,Married,,0.2,10.0,678.0,4794.0,89196.0,5.6,6.5,92.4,7.9,6,3,2.0,High,77.8,66.85,Yes,250000.0
435,2024-03-10,42,Female,Biratnagar,Employed,Married,39845.0,12.3,12.2,629.0,5816.0,46024.0,7.1,5.9,76.6,10.6,0,1,4.2,High,66.9,39.14,No,250000.0
538,2024-06-21,43,Female,Biratnagar,Employed,Single,35639.0,8.2,10.5,680.0,16042.0,36753.0,3.5,4.6,56.9,6.7,3,3,4.6,Medium,79.7,38.81,No,250000.0
696,2024-11-26,55,Female,Biratnagar,Self-employed,Single,90077.0,22.8,,677.0,47619.0,60419.0,13.0,6.7,82.6,6.2,3,0,4.4,Medium,80.3,67.89,Yes,250000.0
358,2023-12-24,63,Male,Lalitpur,Employed,Single,67754.0,44.7,14.0,645.0,22111.0,71510.0,5.7,7.0,76.6,5.0,5,5,3.2,High,50.0,53.07,No,250000.0
187,2023-07-06,23,Male,Lalitpur,Employed,Married,79731.0,0.0,15.0,747.0,52031.0,30216.0,4.1,6.4,77.7,6.1,0,0,2.5,Low,62.9,50.46,No,250000.0
556,2024-07-09,18,Female,Kathmandu,Employed,Single,38689.0,0.0,13.9,700.0,19700.0,25036.0,10.8,6.0,92.1,9.4,5,3,4.6,Medium,60.1,76.37,No,250000.0
130,2023-05-10,29,Female,Biratnagar,Self-employed,Single,32262.0,3.8,14.3,628.0,6499.0,34502.0,8.0,5.7,100.0,4.9,7,6,0.9,High,55.7,71.51,No,250000.0
360,2023-12-26,55,Female,Kathmandu,Self-employed,Single,63867.0,31.4,15.0,549.0,30034.0,49863.0,3.1,6.8,88.2,3.4,1,6,5.8,,74.4,43.4,No,250000.0
245,2023-09-02,61,Non-binary,Bhaktapur,Self-employed,Married,,36.3,15.6,762.0,12053.0,17417.0,4.0,7.0,100.0,6.0,5,3,5.5,High,77.4,68.88,No,250000.0
256,2023-09-13,69,Male,Butwal,Student,Married,44917.0,45.0,15.8,466.0,27042.0,40060.0,6.1,8.0,81.0,6.2,7,3,2.8,Medium,46.7,70.5,No,250000.0
783,2025-02-21,33,Male,Bhaktapur,Employed,Single,24637.0,19.0,15.7,702.0,1325.0,12632.0,3.8,6.9,76.0,6.3,7,1,0.4,Medium,87.3,57.36,No,250000.0
391,2024-01-26,41,Male,Kathmandu,Employed,Married,41824.0,20.5,11.7,826.0,9783.0,35545.0,12.1,7.1,72.2,6.9,7,5,1.7,,83.7,79.4,Yes,250000.0
721,2024-12-21,21,Male,Lalitpur,Employed,Married,,0.0,11.5,716.0,20911.0,22938.0,10.9,4.9,,7.3,6,1,4.8,Medium,64.8,71.72,No,250000.0
155,2023-06-04,26,Male,Kathmandu,Employed,Married,43408.0,0.0,11.2,658.0,18820.0,11826.0,4.4,5.2,94.6,5.2,6,2,1.0,Medium,57.2,69.14,No,250000.0
372,2024-01-07,64,Female,Bhaktapur,Employed,Single,,40.0,14.6,599.0,0.0,44492.0,1.4,8.0,80.9,5.7,3,2,3.0,Medium,73.3,49.32,Yes,250000.0
813,2025-03-23,52,Female,Butwal,Self-employed,Divorced,19329.0,32.8,14.5,605.0,7090.0,24354.0,4.7,7.9,87.4,5.3,3,3,4.1,High,80.5,56.99,No,250000.0
583,2024-08-05,27,Male,Pokhara,Student,Single,27523.0,4.7,18.6,736.0,8228.0,7480.0,7.0,6.7,76.6,5.2,4,2,1.6,Medium,59.7,56.7,No,250000.0
960,2025-08-17,49,Male,Bhaktapur,Employed,Divorced,27306.0,28.1,14.5,779.0,12083.0,18747.0,1.9,5.7,92.4,7.1,3,6,2.5,Low,55.7,41.15,No,250000.0
159,2023-06-08,59,Male,Pokhara,Student,Divorced,35260.0,30.4,11.4,766.0,,34994.0,5.0,8.5,81.9,7.6,0,4,3.1,Medium,79.2,51.99,No,250000.0
766,2025-02-04,37,Male,Bhaktapur,Employed,Single,79983.0,13.7,,769.0,3685.0,70424.0,3.2,6.0,87.9,4.7,7,3,3.6,Low,68.2,68.2,No,250000.0
954,2025-08-11,42,Male,Pokhara,Student,Divorced,,18.3,13.3,750.0,16820.0,15239.0,5.7,6.7,87.7,6.8,6,3,0.5,High,46.2,63.44,No,250000.0
272,2023-09-29,43,Male,Butwal,Employed,Single,100170.0,23.5,15.5,768.0,7752.0,79218.0,5.1,6.3,59.2,7.4,6,2,4.5,High,76.4,44.82,Yes,250000.0
485,2024-04-29,33,Male,Kathmandu,Employed,Married,20538.0,12.6,15.3,768.0,15646.0,19675.0,8.2,7.4,87.2,8.9,7,1,2.1,Medium,60.0,66.38,No,250000.0
147,2023-05-27,31,Male,Kathmandu,Employed,Married,,0.0,13.7,670.0,16785.0,84229.0,10.2,6.4,,2.9,2,5,2.0,Medium,76.4,70.67,No,250000.0
718,2024-12-18,24,Male,Chitwan,Employed,Single,27499.0,0.0,14.7,683.0,16609.0,10814.0,3.7,8.0,84.5,7.0,6,3,1.6,Medium,56.3,57.34,No,250000.0
791,2025-03-01,45,Male,Butwal,Employed,Single,28586.0,27.1,14.7,680.0,15012.0,14824.0,11.7,5.6,100.0,4.5,1,4,5.3,Low,45.6,75.5,No,250000.0
395,2024-01-30,70,Male,Pokhara,Student,Single,32269.0,45.0,,676.0,9873.0,17551.0,4.5,6.9,73.7,6.6,2,3,2.5,Medium,67.4,41.62,No,250000.0
827,2025-04-06,18,Male,Pokhara,Employed,Single,101346.0,0.0,9.4,598.0,66044.0,30891.0,7.5,8.4,67.0,5.0,0,8,3.8,High,64.8,53.58,No,250000.0
419,2024-02-23,44,Female,Biratnagar,Employed,Married,53595.0,24.5,13.8,549.0,21510.0,0.0,10.8,5.7,87.9,3.8,0,4,1.5,Medium,85.4,60.39,No,250000.0
844,2025-04-23,18,Female,Chitwan,Self-employed,Divorced,54599.0,0.0,13.3,,10803.0,35028.0,7.6,6.3,88.8,5.5,6,3,2.5,Medium,63.5,78.04,No,250000.0
577,2024-07-30,54,Female,Butwal,Self-employed,Married,,40.2,10.0,676.0,78423.0,127566.0,1.3,9.3,84.9,6.7,6,3,4.2,Medium,80.4,59.67,Yes,250000.0
838,2025-04-17,66,Male,Lalitpur,Student,Single,191087.0,45.0,16.9,667.0,70084.0,70854.0,8.6,7.9,93.6,6.3,7,7,4.7,High,38.0,65.88,No,250000.0
999,2025-09-25,69,Male,Bhaktapur,Employed,Married,93355.0,45.0,15.1,698.0,51290.0,47324.0,4.3,7.7,72.3,4.0,5,3,4.0,Medium,64.6,52.79,No,250000.0
900,2025-06-18,19,Male,Butwal,Student,Married,59664.0,0.0,15.1,850.0,17437.0,64029.0,6.4,7.6,87.2,3.8,3,2,2.8,Medium,72.0,64.2,Yes,250000.0
681,2024-11-11,31,Female,Chitwan,Employed,Married,23406.0,9.6,13.5,709.0,8879.0,21372.0,4.8,9.2,100.0,3.8,1,1,2.8,Medium,94.9,66.77,No,250000.0
589,2024-08-11,48,Male,Pokhara,Employed,Single,52153.0,15.9,14.7,602.0,25310.0,1324.0,6.4,6.6,85.5,1.4,2,0,0.8,Medium,64.7,67.62,No,250000.0
291,2023-10-18,48,Male,Pokhara,Student,Single,14027.0,24.9,10.3,636.0,0.0,14978.0,,6.6,93.4,9.3,0,3,3.3,Medium,55.5,49.79,No,250000.0
412,2024-02-16,41,Female,Lalitpur,Employed,Married,63915.0,24.3,11.0,770.0,29580.0,52391.0,7.3,5.5,100.0,7.7,6,1,4.6,High,68.1,64.16,Yes,250000.0
863,2025-05-12,34,Male,Chitwan,Student,Married,64194.0,21.5,11.2,703.0,43731.0,33584.0,3.8,7.2,84.9,3.3,3,5,1.3,High,88.9,63.98,Yes,250000.0
631,2024-09-22,40,Female,Biratnagar,Employed,Single,14010.0,10.8,18.2,680.0,1092.0,12871.0,4.7,8.6,100.0,6.7,1,1,2.3,Medium,77.2,61.59,No,250000.0
214,2023-08-02,61,Female,Chitwan,Employed,Married,46550.0,35.0,10.1,740.0,10024.0,7482.0,3.9,8.0,,4.8,2,2,0.7,Medium,84.8,55.61,No,250000.0
866,2025-05-15,26,Male,Bhaktapur,Unemployed,Married,17273.0,5.1,13.7,614.0,0.0,625.0,3.0,5.9,93.4,1.6,0,4,3.6,Medium,38.3,53.41,No,250000.0
359,2023-12-25,47,Female,Bhaktapur,Student,Married,18755.0,23.0,11.4,683.0,10614.0,2376.0,6.8,8.6,88.4,8.3,4,4,0.6,Medium,54.2,63.45,No,250000.0
181,2023-06-30,39,Male,Biratnagar,Employed,Married,35172.0,16.0,10.2,760.0,28043.0,7734.0,4.7,6.5,88.2,4.6,4,2,4.0,Medium,52.4,57.43,Yes,250000.0
861,2025-05-10,27,Female,Kathmandu,Employed,Single,43085.0,14.2,12.1,729.0,15733.0,11324.0,4.6,6.5,70.8,7.4,3,1,4.1,Medium,53.2,43.85,No,250000.0
381,2024-01-16,61,Female,Pokhara,Unemployed,Married,63686.0,33.4,17.5,737.0,15861.0,58677.0,7.2,5.8,86.9,4.7,7,1,0.6,Medium,49.3,65.5,Yes,250000.0
100,2023-04-10,42,Female,Bhaktapur,Employed,Single,27721.0,21.4,12.4,694.0,7246.0,22214.0,7.1,5.9,78.1,4.8,0,2,1.3,Medium,74.6,49.68,No,250000.0
874,2025-05-23,66,Male,Pokhara,Self-employed,Married,29900.0,44.1,16.6,698.0,27239.0,19492.0,7.0,5.9,84.3,4.6,6,2,3.5,Medium,73.2,65.7,No,250000.0
136,2023-05-16,54,Male,Lalitpur,Self-employed,Married,50360.0,30.6,16.7,686.0,25278.0,48861.0,2.7,7.7,100.0,3.5,3,3,3.5,Medium,63.8,61.06,No,250000.0
177,2023-06-26,30,Non-binary,Bhaktapur,Employed,Married,27874.0,7.1,14.2,625.0,6070.0,25561.0,1.5,9.0,72.8,2.8,1,3,1.9,Medium,52.8,47.72,No,250000.0
958,2025-08-15,44,Female,Kathmandu,Student,Married,56736.0,25.8,12.4,618.0,23249.0,50199.0,4.7,7.5,78.7,2.1,3,3,3.8,Medium,63.8,61.04,No,250000.0
505,2024-05-19,51,Female,Bhaktapur,Employed,Married,20021.0,21.3,16.4,593.0,9253.0,22627.0,1.1,6.8,66.1,2.3,4,4,4.6,High,51.8,45.92,Yes,250000.0
560,2024-07-13,33,Female,Chitwan,Unemployed,Single,107317.0,6.6,12.1,759.0,13187.0,115055.0,5.3,7.0,93.7,5.3,3,3,2.4,Medium,80.2,54.84,No,250000.0
597,2024-08-19,43,Non-binary,Chitwan,Self-employed,Divorced,57105.0,21.1,11.6,711.0,32650.0,56243.0,6.2,7.8,83.0,6.3,3,4,3.9,Medium,64.9,49.45,Yes,250000.0
217,2023-08-05,49,Male,Lalitpur,Employed,Married,51095.0,20.3,13.8,754.0,8738.0,25883.0,4.3,6.4,86.8,6.3,6,2,3.8,High,56.9,54.49,Yes,250000.0
40,2023-02-09,68,Female,Pokhara,Employed,Married,48741.0,45.0,15.3,645.0,20827.0,23728.0,6.1,6.9,69.2,9.3,3,0,3.9,Low,68.1,44.07,Yes,250000.0
341,2023-12-07,50,Male,Butwal,Self-employed,Married,39913.0,21.3,16.8,569.0,21355.0,17299.0,6.3,8.5,74.8,4.1,0,0,2.0,Medium,44.9,51.68,No,250000.0
3,2023-01-03,46,Male,Kathmandu,Employed,Married,68680.0,24.2,11.9,636.0,12087.0,46890.0,5.0,8.2,82.0,6.1,1,1,5.4,Medium,62.4,46.4,No,250000.0
452,2024-03-27,51,Female,Kathmandu,Unemployed,Divorced,96280.0,24.2,13.8,706.0,19339.0,98276.0,8.0,7.9,79.4,6.2,3,7,1.9,Medium,60.7,57.24,Yes,250000.0
824,2025-04-03,62,Female,Bhaktapur,Employed,Single,12000.0,38.1,15.0,739.0,8440.0,1518.0,6.8,6.8,90.7,7.0,6,1,3.0,High,78.4,70.31,Yes,250000.0
818,2025-03-28,64,Female,Chitwan,Employed,Married,70381.0,39.4,12.8,740.0,46652.0,26219.0,3.6,8.4,85.1,8.4,5,3,2.4,Low,44.1,47.5,No,250000.0
69,2023-03-10,53,Male,Pokhara,Employed,Single,57685.0,32.2,16.6,843.0,16654.0,15217.0,8.8,6.1,81.0,6.2,7,4,1.2,Medium,53.7,72.29,Yes,250000.0
209,2023-07-28,26,Female,Bhaktapur,Self-employed,Single,48688.0,1.7,12.7,681.0,11739.0,48241.0,2.7,8.1,81.2,7.0,1,2,2.7,High,47.3,52.58,No,250000.0
609,2024-08-31,67,Male,Lalitpur,Employed,Single,97433.0,43.0,14.5,600.0,25950.0,38976.0,2.9,7.8,97.2,6.1,0,3,4.8,High,49.3,53.51,Yes,250000.0
421,2024-02-25,19,Female,Pokhara,Unemployed,Married,50091.0,0.0,17.2,598.0,14611.0,23788.0,4.5,6.9,77.7,8.0,4,3,3.4,Medium,32.8,54.13,Yes,250000.0
254,2023-09-11,41,Male,Bhaktapur,Employed,Single,48250.0,18.4,12.5,633.0,12254.0,32513.0,6.3,6.8,79.8,3.9,0,2,1.1,Medium,69.7,61.56,No,250000.0
847,2025-04-26,23,Male,Chitwan,Student,Married,42404.0,1.9,11.8,526.0,,40210.0,4.3,7.2,90.9,6.3,4,3,4.4,Medium,66.8,63.81,No,250000.0
340,2023-12-06,53,Male,Lalitpur,Student,Single,67216.0,30.9,8.5,648.0,26433.0,43969.0,6.0,6.2,,4.7,1,2,1.6,Medium,47.3,50.83,No,250000.0
410,2024-02-14,57,Male,Lalitpur,Employed,Married,136449.0,25.9,10.3,618.0,25940.0,97127.0,3.0,10.0,77.4,9.5,1,0,0.8,Medium,35.2,44.19,Yes,250000.0
112,2023-04-22,61,Male,Bhaktapur,Employed,Divorced,123864.0,37.7,12.8,704.0,55375.0,110734.0,6.5,7.1,75.4,2.5,4,1,5.4,Medium,72.0,58.95,Yes,250000.0
225,2023-08-13,29,Male,Kathmandu,Student,Married,78216.0,0.0,10.8,679.0,46956.0,82649.0,,7.2,53.0,8.2,7,3,0.1,Medium,71.3,43.44,No,250000.0
943,2025-07-31,68,Male,Butwal,Self-employed,Single,45743.0,45.0,13.1,600.0,30429.0,20220.0,1.9,8.9,100.0,3.4,7,1,1.1,Low,65.9,63.27,No,250000.0
545,2024-06-28,54,Female,Kathmandu,Student,Single,21878.0,30.2,15.8,620.0,712.0,27839.0,4.0,7.2,83.5,6.9,3,1,3.0,High,68.7,56.52,Yes,250000.0
74,2023-03-15,23,Female,Bhaktapur,Employed,Married,40553.0,0.0,13.1,656.0,21382.0,33170.0,5.3,4.4,81.5,2.1,0,6,4.7,High,66.1,51.22,No,250000.0
48,2023-02-17,26,Male,Pokhara,Employed,Married,59067.0,0.0,13.7,707.0,14533.0,5012.0,,8.7,96.0,6.5,3,2,2.6,Medium,79.7,80.2,No,250000.0
639,2024-09-30,52,Male,Biratnagar,Employed,Married,30272.0,30.7,16.4,634.0,23018.0,33432.0,3.0,7.4,100.0,7.8,3,3,0.5,High,71.0,50.74,Yes,250000.0
114,2023-04-24,41,Non-binary,Chitwan,Employed,Married,51933.0,21.3,14.7,633.0,6363.0,6465.0,1.8,8.0,69.2,3.4,7,8,0.0,,73.9,58.07,Yes,250000.0
97,2023-04-07,70,Female,Bhaktapur,Employed,Divorced,,39.0,14.9,672.0,0.0,8518.0,5.1,6.8,95.6,5.6,1,2,3.5,High,55.7,57.55,Yes,250000.0
738,2025-01-07,37,Female,Chitwan,Employed,Divorced,57876.0,20.8,13.7,644.0,24304.0,51132.0,2.1,8.8,70.6,4.6,2,7,4.9,Low,69.1,52.76,No,250000.0
215,2023-08-03,41,Female,Kathmandu,Student,Married,17732.0,19.6,13.1,658.0,7497.0,8205.0,12.5,5.6,100.0,6.1,0,2,4.8,Medium,61.5,72.77,No,250000.0
570,2024-07-23,29,Male,Lalitpur,Unemployed,Single,21263.0,15.0,8.5,761.0,13091.0,14183.0,4.1,7.3,72.4,3.9,5,3,2.4,Medium,47.3,50.42,Yes,250000.0
124,2023-05-04,56,Male,Butwal,Employed,Divorced,135137.0,29.1,18.0,688.0,69837.0,7483.0,2.1,7.2,92.4,6.2,2,3,2.7,High,50.6,47.28,Yes,250000.0
107,2023-04-17,42,Female,Lalitpur,Student,Divorced,76723.0,13.8,11.4,752.0,31351.0,56194.0,7.0,7.5,82.8,5.7,4,1,0.0,Medium,71.4,61.58,No,250000.0
596,2024-08-18,34,Male,Chitwan,Self-employed,Single,33206.0,13.3,17.2,676.0,5888.0,21749.0,6.1,7.5,82.4,5.6,6,4,1.8,Medium,74.0,61.52,No,250000.0
18,2023-01-18,20,Male,Lalitpur,Employed,Single,50418.0,0.0,14.6,777.0,10287.0,14396.0,6.1,7.2,92.5,2.7,5,3,0.6,Medium,100.0,71.1,No,250000.0
743,2025-01-12,18,Male,Biratnagar,Employed,Single,24011.0,0.0,15.9,666.0,5469.0,18966.0,5.4,8.0,62.1,5.3,6,6,6.0,Medium,80.8,53.24,No,250000.0
99,2023-04-09,43,Female,Lalitpur,Student,Single,,21.5,11.0,625.0,29877.0,58708.0,6.8,6.8,50.0,3.3,6,3,4.0,High,81.2,63.24,No,250000.0
989,2025-09-15,47,Male,Chitwan,Self-employed,Single,26340.0,27.0,14.8,,1161.0,15796.0,3.2,6.3,67.0,4.3,1,3,2.8,Medium,59.9,41.39,No,250000.0
323,2023-11-19,53,Male,Butwal,Employed,Single,94899.0,20.7,12.0,528.0,32714.0,32574.0,6.8,8.2,100.0,9.2,4,2,2.3,Medium,52.0,73.02,No,250000.0
383,2024-01-18,47,Female,Butwal,Employed,Divorced,47772.0,29.7,17.1,715.0,24190.0,0.0,7.2,8.1,87.0,6.7,2,4,4.3,Medium,54.0,60.22,Yes,250000.0
366,2024-01-01,44,Female,Chitwan,Employed,Single,46262.0,14.1,11.8,765.0,32505.0,16614.0,1.8,4.0,56.3,3.5,2,4,4.8,High,98.9,24.4,Yes,250000.0
511,2024-05-25,70,Male,Butwal,Employed,Single,21004.0,45.0,14.3,743.0,3223.0,13686.0,3.4,8.2,68.4,2.9,4,4,1.9,Medium,91.0,50.85,Yes,250000.0
